,datetime,instrument,score,exp_name,rid,weight,real_label,error,abs_error
0,2026-08-03,SH600000,-0.007436911488621887,EXP_LGBModel_Alpha158_csi300_custom_step0_s_20260803_17,9b87035ef4e946bcb68fc991198a3df0,0.484,,,
1,2026-08-03,SH601117,0.0015260428058477221,EXP_DEnsembleModel_Alpha158_csi300_custom_step0_s_20260803_15,0188e53fa9d0418d81ad52ee281638cb,0.516,,,
2,2026-08-03,SH601127,-0.10199089173561461,EXP_DEnsembleModel_Alpha158_csi300_custom_step0_s_20260803_15,0188e53fa9d0418d81ad52ee281638cb,0.516,,,
3,2026-08-03,SH601136,0.014760529176866294,EXP_DEnsembleModel_Alpha158_csi300_custom_step0_s_20260803_15,0188e53fa9d0418d81ad52ee281638cb,0.516,,,
4,2026-08-03,SH601138,0.07390170912916498,EXP_DEnsembleModel_Alpha158_csi300_custom_step0_s_20260803_15,0188e53fa9d0418d81ad52ee281638cb,0.516,,,
5,2026-08-03,SH601166,-0.03575235904226889,EXP_DEnsembleModel_Alpha158_csi300_custom_step0_s_20260803_15,0188e53fa9d0418d81ad52ee281638cb,0.516,,,
6,2026-08-03,SH601169,0.10911748676747803,EXP_DEnsembleModel_Alpha158_csi300_custom_step0_s_20260803_15,0188e53fa9d0418d81ad52ee281638cb,0.516,,,
7,2026-08-03,SH601111,0.029389794170577237,EXP_DEnsembleModel_Alpha158_csi300_custom_step0_s_20260803_15,0188e53fa9d0418d81ad52ee281638cb,0.516,,,
8,2026-08-03,SH601186,0.03841124857936558,EXP_DEnsembleModel_Alpha158_csi300_custom_step0_s_20260803_15,0188e53fa9d0418d81ad52ee281638cb,0.516,,,
9,2026-08-03,SH601225,0.028768507335153005,EXP_DEnsembleModel_Alpha158_csi300_custom_step0_s_20260803_15,0188e53fa9d0418d81ad52ee281638cb,0.516,,,
10,2026-08-03,SH601229,0.10141016404385192,EXP_DEnsembleModel_Alpha158_csi300_custom_step0_s_20260803_15,0188e53fa9d0418d81ad52ee281638cb,0.516,,,
11,2026-08-03,SH601238,-0.06593609581668088,EXP_DEnsembleModel_Alpha158_csi300_custom_step0_s_20260803_15,0188e53fa9d0418d81ad52ee281638cb,0.516,,,
12,2026-08-03,SH601288,0.03390298832841742,EXP_DEnsembleModel_Alpha158_csi300_custom_step0_s_20260803_15,0188e53fa9d0418d81ad52ee281638cb,0.516,,,
13,2026-08-03,SH601318,-0.04777043456582509,EXP_DEnsembleModel_Alpha158_csi300_custom_step0_s_20260803_15,0188e53fa9d0418d81ad52ee281638cb,0.516,,,
14,2026-08-03,SH601319,0.04438426728566785,EXP_DEnsembleModel_Alpha158_csi300_custom_step0_s_20260803_15,0188e53fa9d0418d81ad52ee281638cb,0.516,,,
15,2026-08-03,SH601211,0.04430931121495152,EXP_DEnsembleModel_Alpha158_csi300_custom_step0_s_20260803_15,0188e53fa9d0418d81ad52ee281638cb,0.516,,,
16,2026-08-03,SH601100,-0.07118119225970003,EXP_DEnsembleModel_Alpha158_csi300_custom_step0_s_20260803_15,0188e53fa9d0418d81ad52ee281638cb,0.516,,,
17,2026-08-03,SH601088,0.06655356366654967,EXP_DEnsembleModel_Alpha158_csi300_custom_step0_s_20260803_15,0188e53fa9d0418d81ad52ee281638cb,0.516,,,
18,2026-08-03,SH601077,-0.018486968535255534,EXP_DEnsembleModel_Alpha158_csi300_custom_step0_s_20260803_15,0188e53fa9d0418d81ad52ee281638cb,0.516,,,
19,2026-08-03,SH600926,0.014849891880792937,EXP_DEnsembleModel_Alpha158_csi300_custom_step0_s_20260803_15,0188e53fa9d0418d81ad52ee281638cb,0.516,,,
20,2026-08-03,SH600930,0.051365115430792856,EXP_DEnsembleModel_Alpha158_csi300_custom_step0_s_20260803_15,0188e53fa9d0418d81ad52ee281638cb,0.516,,,
21,2026-08-03,SH600938,-0.034725031397510035,EXP_DEnsembleModel_Alpha158_csi300_custom_step0_s_20260803_15,0188e53fa9d0418d81ad52ee281638cb,0.516,,,
22,2026-08-03,SH600941,0.011250856138802194,EXP_DEnsembleModel_Alpha158_csi300_custom_step0_s_20260803_15,0188e53fa9d0418d81ad52ee281638cb,0.516,,,
23,2026-08-03,SH600958,0.07101211282210708,EXP_DEnsembleModel_Alpha158_csi300_custom_step0_s_20260803_15,0188e53fa9d0418d81ad52ee281638cb,0.516,,,
24,2026-08-03,SH600989,-0.024391544838610776,EXP_DEnsembleModel_Alpha158_csi300_custom_step0_s_20260803_15,0188e53fa9d0418d81ad52ee281638cb,0.516,,,
25,2026-08-03,SH600999,-0.01630210851662855,EXP_DEnsembleModel_Alpha158_csi300_custom_step0_s_20260803_15,0188e53fa9d0418d81ad52ee281638cb,0.516,,,
26,2026-08-03,SH601006,0.06598542470100609,EXP_DEnsembleModel_Alpha158_csi300_custom_step0_s_20260803_15,0188e53fa9d0418d81ad52ee281638cb,0.516,,,
27,2026-08-03,SH601009,0.083204879792253,EXP_DEnsembleModel_Alpha158_csi300_custom_step0_s_20260803_15,0188e53fa9d0418d81ad52ee281638cb,0.516,,,
28,2026-08-03,SH601012,-0.0004570182673723073,EXP_DEnsembleModel_Alpha158_csi300_custom_step0_s_20260803_15,0188e53fa9d0418d81ad52ee281638cb,0.516,,,
29,2026-08-03,SH601018,0.1174657309258439,EXP_DEnsembleModel_Alpha158_csi300_custom_step0_s_20260803_15,0188e53fa9d0418d81ad52ee281638cb,0.516,,,
30,2026-08-03,SH601021,0.07664885506960264,EXP_DEnsembleModel_Alpha158_csi300_custom_step0_s_20260803_15,0188e53fa9d0418d81ad52ee281638cb,0.516,,,
31,2026-08-03,SH601058,-0.020079129693270602,EXP_DEnsembleModel_Alpha158_csi300_custom_step0_s_20260803_15,0188e53fa9d0418d81ad52ee281638cb,0.516,,,
32,2026-08-03,SH601059,0.06669506979887732,EXP_DEnsembleModel_Alpha158_csi300_custom_step0_s_20260803_15,0188e53fa9d0418d81ad52ee281638cb,0.516,,,
33,2026-08-03,SH601066,-0.03423303993562723,EXP_DEnsembleModel_Alpha158_csi300_custom_step0_s_20260803_15,0188e53fa9d0418d81ad52ee281638cb,0.516,,,
34,2026-08-03,SH601328,-0.000903563385072611,EXP_DEnsembleModel_Alpha158_csi300_custom_step0_s_20260803_15,0188e53fa9d0418d81ad52ee281638cb,0.516,,,
35,2026-08-03,SH601336,-0.015046047833782607,EXP_DEnsembleModel_Alpha158_csi300_custom_step0_s_20260803_15,0188e53fa9d0418d81ad52ee281638cb,0.516,,,
36,2026-08-03,SH601360,0.009386697869642033,EXP_DEnsembleModel_Alpha158_csi300_custom_step0_s_20260803_15,0188e53fa9d0418d81ad52ee281638cb,0.516,,,
37,2026-08-03,SH601377,0.10196421797810486,EXP_DEnsembleModel_Alpha158_csi300_custom_step0_s_20260803_15,0188e53fa9d0418d81ad52ee281638cb,0.516,,,
38,2026-08-03,SH601800,0.06954606159968536,EXP_DEnsembleModel_Alpha158_csi300_custom_step0_s_20260803_15,0188e53fa9d0418d81ad52ee281638cb,0.516,,,
39,2026-08-03,SH601816,0.03839384854136215,EXP_DEnsembleModel_Alpha158_csi300_custom_step0_s_20260803_15,0188e53fa9d0418d81ad52ee281638cb,0.516,,,
40,2026-08-03,SH601818,0.12843289247164885,EXP_DEnsembleModel_Alpha158_csi300_custom_step0_s_20260803_15,0188e53fa9d0418d81ad52ee281638cb,0.516,,,
41,2026-08-03,SH601825,0.02106282727912839,EXP_DEnsembleModel_Alpha158_csi300_custom_step0_s_20260803_15,0188e53fa9d0418d81ad52ee281638cb,0.516,,,
42,2026-08-03,SH601838,0.11046297448654249,EXP_DEnsembleModel_Alpha158_csi300_custom_step0_s_20260803_15,0188e53fa9d0418d81ad52ee281638cb,0.516,,,
43,2026-08-03,SH601857,-0.025948289983981698,EXP_DEnsembleModel_Alpha158_csi300_custom_step0_s_20260803_15,0188e53fa9d0418d81ad52ee281638cb,0.516,,,
44,2026-08-03,SH601868,0.06352764078774026,EXP_DEnsembleModel_Alpha158_csi300_custom_step0_s_20260803_15,0188e53fa9d0418d81ad52ee281638cb,0.516,,,
45,2026-08-03,SH601872,-0.018229831838751702,EXP_DEnsembleModel_Alpha158_csi300_custom_step0_s_20260803_15,0188e53fa9d0418d81ad52ee281638cb,0.516,,,
46,2026-08-03,SH601877,0.022335773561529246,EXP_DEnsembleModel_Alpha158_csi300_custom_step0_s_20260803_15,0188e53fa9d0418d81ad52ee281638cb,0.516,,,
47,2026-08-03,SH601878,0.036336780988076356,EXP_DEnsembleModel_Alpha158_csi300_custom_step0_s_20260803_15,0188e53fa9d0418d81ad52ee281638cb,0.516,,,
48,2026-08-03,SH601881,0.02712142627617652,EXP_DEnsembleModel_Alpha158_csi300_custom_step0_s_20260803_15,0188e53fa9d0418d81ad52ee281638cb,0.516,,,
49,2026-08-03,SH601888,-0.10730271134803808,EXP_DEnsembleModel_Alpha158_csi300_custom_step0_s_20260803_15,0188e53fa9d0418d81ad52ee281638cb,0.516,,,
50,2026-08-03,SH601898,0.005832492882287486,EXP_DEnsembleModel_Alpha158_csi300_custom_step0_s_20260803_15,0188e53fa9d0418d81ad52ee281638cb,0.516,,,
51,2026-08-03,SH601899,-0.043557176389804414,EXP_DEnsembleModel_Alpha158_csi300_custom_step0_s_20260803_15,0188e53fa9d0418d81ad52ee281638cb,0.516,,,
52,2026-08-03,SH601901,0.012554417456804514,EXP_DEnsembleModel_Alpha158_csi300_custom_step0_s_20260803_15,0188e53fa9d0418d81ad52ee281638cb,0.516,,,
53,2026-08-03,SH601788,0.02864810780648542,EXP_DEnsembleModel_Alpha158_csi300_custom_step0_s_20260803_15,0188e53fa9d0418d81ad52ee281638cb,0.516,,,
54,2026-08-03,SH600919,0.12974973776923096,EXP_DEnsembleModel_Alpha158_csi300_custom_step0_s_20260803_15,0188e53fa9d0418d81ad52ee281638cb,0.516,,,
55,2026-08-03,SH601766,0.0030047145044077984,EXP_DEnsembleModel_Alpha158_csi300_custom_step0_s_20260803_15,0188e53fa9d0418d81ad52ee281638cb,0.516,,,
56,2026-08-03,SH601727,-0.0021975730646762864,EXP_DEnsembleModel_Alpha158_csi300_custom_step0_s_20260803_15,0188e53fa9d0418d81ad52ee281638cb,0.516,,,
57,2026-08-03,SH601390,0.00833148051411339,EXP_DEnsembleModel_Alpha158_csi300_custom_step0_s_20260803_15,0188e53fa9d0418d81ad52ee281638cb,0.516,,,
58,2026-08-03,SH601398,0.03372802634849117,EXP_DEnsembleModel_Alpha158_csi300_custom_step0_s_20260803_15,0188e53fa9d0418d81ad52ee281638cb,0.516,,,
59,2026-08-03,SH601456,0.04782178994267978,EXP_DEnsembleModel_Alpha158_csi300_custom_step0_s_20260803_15,0188e53fa9d0418d81ad52ee281638cb,0.516,,,
60,2026-08-03,SH601600,0.05841833691260843,EXP_DEnsembleModel_Alpha158_csi300_custom_step0_s_20260803_15,0188e53fa9d0418d81ad52ee281638cb,0.516,,,
61,2026-08-03,SH601601,-0.030676335980209416,EXP_DEnsembleModel_Alpha158_csi300_custom_step0_s_20260803_15,0188e53fa9d0418d81ad52ee281638cb,0.516,,,
62,2026-08-03,SH601607,0.0667284723290502,EXP_DEnsembleModel_Alpha158_csi300_custom_step0_s_20260803_15,0188e53fa9d0418d81ad52ee281638cb,0.516,,,
63,2026-08-03,SH601618,0.05261821844386077,EXP_DEnsembleModel_Alpha158_csi300_custom_step0_s_20260803_15,0188e53fa9d0418d81ad52ee281638cb,0.516,,,
64,2026-08-03,SH601628,0.06094467967937868,EXP_DEnsembleModel_Alpha158_csi300_custom_step0_s_20260803_15,0188e53fa9d0418d81ad52ee281638cb,0.516,,,
65,2026-08-03,SH601633,-0.06045737984607438,EXP_DEnsembleModel_Alpha158_csi300_custom_step0_s_20260803_15,0188e53fa9d0418d81ad52ee281638cb,0.516,,,
66,2026-08-03,SH601658,0.13041760662464189,EXP_DEnsembleModel_Alpha158_csi300_custom_step0_s_20260803_15,0188e53fa9d0418d81ad52ee281638cb,0.516,,,
67,2026-08-03,SH601668,0.05250261830726768,EXP_DEnsembleModel_Alpha158_csi300_custom_step0_s_20260803_15,0188e53fa9d0418d81ad52ee281638cb,0.516,,,
68,2026-08-03,SH601669,0.0709565696552805,EXP_DEnsembleModel_Alpha158_csi300_custom_step0_s_20260803_15,0188e53fa9d0418d81ad52ee281638cb,0.516,,,
69,2026-08-03,SH601688,-0.011030234691894427,EXP_DEnsembleModel_Alpha158_csi300_custom_step0_s_20260803_15,0188e53fa9d0418d81ad52ee281638cb,0.516,,,
70,2026-08-03,SH601689,0.13582550991468478,EXP_DEnsembleModel_Alpha158_csi300_custom_step0_s_20260803_15,0188e53fa9d0418d81ad52ee281638cb,0.516,,,
71,2026-08-03,SH601698,0.0561440644922428,EXP_DEnsembleModel_Alpha158_csi300_custom_step0_s_20260803_15,0188e53fa9d0418d81ad52ee281638cb,0.516,,,
72,2026-08-03,SH601728,-0.10476748504701137,EXP_DEnsembleModel_Alpha158_csi300_custom_step0_s_20260803_15,0188e53fa9d0418d81ad52ee281638cb,0.516,,,
73,2026-08-03,SH601916,0.12538837377066053,EXP_DEnsembleModel_Alpha158_csi300_custom_step0_s_20260803_15,0188e53fa9d0418d81ad52ee281638cb,0.516,,,
74,2026-08-03,SH600918,-0.016300898358561244,EXP_DEnsembleModel_Alpha158_csi300_custom_step0_s_20260803_15,0188e53fa9d0418d81ad52ee281638cb,0.516,,,
75,2026-08-03,SH600900,0.031456439315959116,EXP_DEnsembleModel_Alpha158_csi300_custom_step0_s_20260803_15,0188e53fa9d0418d81ad52ee281638cb,0.516,,,
76,2026-08-03,SH600066,-0.07560746998597027,EXP_DEnsembleModel_Alpha158_csi300_custom_step0_s_20260803_15,0188e53fa9d0418d81ad52ee281638cb,0.516,,,
77,2026-08-03,SH600085,-0.02094158532017021,EXP_DEnsembleModel_Alpha158_csi300_custom_step0_s_20260803_15,0188e53fa9d0418d81ad52ee281638cb,0.516,,,
78,2026-08-03,SH600089,0.004564816541707864,EXP_DEnsembleModel_Alpha158_csi300_custom_step0_s_20260803_15,0188e53fa9d0418d81ad52ee281638cb,0.516,,,
79,2026-08-03,SH600104,-0.1475700711207428,EXP_DEnsembleModel_Alpha158_csi300_custom_step0_s_20260803_15,0188e53fa9d0418d81ad52ee281638cb,0.516,,,
80,2026-08-03,SH600111,0.06437369579718911,EXP_DEnsembleModel_Alpha158_csi300_custom_step0_s_20260803_15,0188e53fa9d0418d81ad52ee281638cb,0.516,,,
81,2026-08-03,SH600115,0.021456903745574542,EXP_DEnsembleModel_Alpha158_csi300_custom_step0_s_20260803_15,0188e53fa9d0418d81ad52ee281638cb,0.516,,,
82,2026-08-03,SH600061,0.06639332640224908,EXP_DEnsembleModel_Alpha158_csi300_custom_step0_s_20260803_15,0188e53fa9d0418d81ad52ee281638cb,0.516,,,
83,2026-08-03,SH600118,0.19579286861341358,EXP_DEnsembleModel_Alpha158_csi300_custom_step0_s_20260803_15,0188e53fa9d0418d81ad52ee281638cb,0.516,,,
84,2026-08-03,SH600160,0.0644513757279255,EXP_DEnsembleModel_Alpha158_csi300_custom_step0_s_20260803_15,0188e53fa9d0418d81ad52ee281638cb,0.516,,,
85,2026-08-03,SH600176,0.14312854152444476,EXP_DEnsembleModel_Alpha158_csi300_custom_step0_s_20260803_15,0188e53fa9d0418d81ad52ee281638cb,0.516,,,
86,2026-08-03,SH600183,0.18581524120948423,EXP_DEnsembleModel_Alpha158_csi300_custom_step0_s_20260803_15,0188e53fa9d0418d81ad52ee281638cb,0.516,,,
87,2026-08-03,SH600188,-0.07125813449318621,EXP_DEnsembleModel_Alpha158_csi300_custom_step0_s_20260803_15,0188e53fa9d0418d81ad52ee281638cb,0.516,,,
88,2026-08-03,SH600196,-0.04414723519862294,EXP_DEnsembleModel_Alpha158_csi300_custom_step0_s_20260803_15,0188e53fa9d0418d81ad52ee281638cb,0.516,,,
89,2026-08-03,SH600219,-0.04699247357552503,EXP_DEnsembleModel_Alpha158_csi300_custom_step0_s_20260803_15,0188e53fa9d0418d81ad52ee281638cb,0.516,,,
90,2026-08-03,SH600150,-0.047992865828226934,EXP_DEnsembleModel_Alpha158_csi300_custom_step0_s_20260803_15,0188e53fa9d0418d81ad52ee281638cb,0.516,,,
91,2026-08-03,SH600050,0.02296359917912702,EXP_DEnsembleModel_Alpha158_csi300_custom_step0_s_20260803_15,0188e53fa9d0418d81ad52ee281638cb,0.516,,,
92,2026-08-03,SH600048,-0.09769619010037679,EXP_DEnsembleModel_Alpha158_csi300_custom_step0_s_20260803_15,0188e53fa9d0418d81ad52ee281638cb,0.516,,,
93,2026-08-03,SH600039,0.023443116192647093,EXP_DEnsembleModel_Alpha158_csi300_custom_step0_s_20260803_15,0188e53fa9d0418d81ad52ee281638cb,0.516,,,
94,2026-08-03,SH600010,-0.0005657095574199655,EXP_DEnsembleModel_Alpha158_csi300_custom_step0_s_20260803_15,0188e53fa9d0418d81ad52ee281638cb,0.516,,,
95,2026-08-03,SH600011,-0.02312144881945946,EXP_DEnsembleModel_Alpha158_csi300_custom_step0_s_20260803_15,0188e53fa9d0418d81ad52ee281638cb,0.516,,,
96,2026-08-03,SH600015,0.1402886923044525,EXP_DEnsembleModel_Alpha158_csi300_custom_step0_s_20260803_15,0188e53fa9d0418d81ad52ee281638cb,0.516,,,
97,2026-08-03,SH600016,0.04744931858826757,EXP_DEnsembleModel_Alpha158_csi300_custom_step0_s_20260803_15,0188e53fa9d0418d81ad52ee281638cb,0.516,,,
98,2026-08-03,SH600018,0.1259307824677023,EXP_DEnsembleModel_Alpha158_csi300_custom_step0_s_20260803_15,0188e53fa9d0418d81ad52ee281638cb,0.516,,,
99,2026-08-03,SH600019,-0.05113147626349585,EXP_DEnsembleModel_Alpha158_csi300_custom_step0_s_20260803_15,0188e53fa9d0418d81ad52ee281638cb,0.516,,,
100,2026-08-03,SH600023,0.1001687754932251,EXP_DEnsembleModel_Alpha158_csi300_custom_step0_s_20260803_15,0188e53fa9d0418d81ad52ee281638cb,0.516,,,
101,2026-08-03,SH600025,0.06660390124251654,EXP_DEnsembleModel_Alpha158_csi300_custom_step0_s_20260803_15,0188e53fa9d0418d81ad52ee281638cb,0.516,,,
102,2026-08-03,SH600026,0.06042132260373793,EXP_DEnsembleModel_Alpha158_csi300_custom_step0_s_20260803_15,0188e53fa9d0418d81ad52ee281638cb,0.516,,,
103,2026-08-03,SH600027,0.03704257807374078,EXP_DEnsembleModel_Alpha158_csi300_custom_step0_s_20260803_15,0188e53fa9d0418d81ad52ee281638cb,0.516,,,
104,2026-08-03,SH600028,0.04312583445689515,EXP_DEnsembleModel_Alpha158_csi300_custom_step0_s_20260803_15,0188e53fa9d0418d81ad52ee281638cb,0.516,,,
105,2026-08-03,SH600029,0.018662159868307306,EXP_DEnsembleModel_Alpha158_csi300_custom_step0_s_20260803_15,0188e53fa9d0418d81ad52ee281638cb,0.516,,,
106,2026-08-03,SH600030,0.02817540665898748,EXP_DEnsembleModel_Alpha158_csi300_custom_step0_s_20260803_15,0188e53fa9d0418d81ad52ee281638cb,0.516,,,
107,2026-08-03,SH600031,-0.132573418631404,EXP_DEnsembleModel_Alpha158_csi300_custom_step0_s_20260803_15,0188e53fa9d0418d81ad52ee281638cb,0.516,,,
108,2026-08-03,SH600036,0.046212447475590855,EXP_DEnsembleModel_Alpha158_csi300_custom_step0_s_20260803_15,0188e53fa9d0418d81ad52ee281638cb,0.516,,,
109,2026-08-03,SH600221,0.02859092752909496,EXP_DEnsembleModel_Alpha158_csi300_custom_step0_s_20260803_15,0188e53fa9d0418d81ad52ee281638cb,0.516,,,
110,2026-08-03,SH600233,-0.1399788315573718,EXP_DEnsembleModel_Alpha158_csi300_custom_step0_s_20260803_15,0188e53fa9d0418d81ad52ee281638cb,0.516,,,
111,2026-08-03,SH600276,-0.1075827920808407,EXP_DEnsembleModel_Alpha158_csi300_custom_step0_s_20260803_15,0188e53fa9d0418d81ad52ee281638cb,0.516,,,
112,2026-08-03,SH600309,-0.14209717674497907,EXP_DEnsembleModel_Alpha158_csi300_custom_step0_s_20260803_15,0188e53fa9d0418d81ad52ee281638cb,0.516,,,
113,2026-08-03,SH600588,0.022755738067559452,EXP_DEnsembleModel_Alpha158_csi300_custom_step0_s_20260803_15,0188e53fa9d0418d81ad52ee281638cb,0.516,,,
114,2026-08-03,SH600600,-0.11491029932879086,EXP_DEnsembleModel_Alpha158_csi300_custom_step0_s_20260803_15,0188e53fa9d0418d81ad52ee281638cb,0.516,,,
115,2026-08-03,SH600660,-0.03931376364642736,EXP_DEnsembleModel_Alpha158_csi300_custom_step0_s_20260803_15,0188e53fa9d0418d81ad52ee281638cb,0.516,,,
116,2026-08-03,SH600674,0.10673792763631472,EXP_DEnsembleModel_Alpha158_csi300_custom_step0_s_20260803_15,0188e53fa9d0418d81ad52ee281638cb,0.516,,,
117,2026-08-03,SH600690,0.09365857159070524,EXP_DEnsembleModel_Alpha158_csi300_custom_step0_s_20260803_15,0188e53fa9d0418d81ad52ee281638cb,0.516,,,
118,2026-08-03,SH600741,0.014916567728600975,EXP_DEnsembleModel_Alpha158_csi300_custom_step0_s_20260803_15,0188e53fa9d0418d81ad52ee281638cb,0.516,,,
119,2026-08-03,SH600760,0.0250481528421325,EXP_DEnsembleModel_Alpha158_csi300_custom_step0_s_20260803_15,0188e53fa9d0418d81ad52ee281638cb,0.516,,,
120,2026-08-03,SH600795,0.013975648824843007,EXP_DEnsembleModel_Alpha158_csi300_custom_step0_s_20260803_15,0188e53fa9d0418d81ad52ee281638cb,0.516,,,
121,2026-08-03,SH600803,-0.1495722892866536,EXP_DEnsembleModel_Alpha158_csi300_custom_step0_s_20260803_15,0188e53fa9d0418d81ad52ee281638cb,0.516,,,
122,2026-08-03,SH600809,-0.15898537675987892,EXP_DEnsembleModel_Alpha158_csi300_custom_step0_s_20260803_15,0188e53fa9d0418d81ad52ee281638cb,0.516,,,
123,2026-08-03,SH600845,-0.07619361662406844,EXP_DEnsembleModel_Alpha158_csi300_custom_step0_s_20260803_15,0188e53fa9d0418d81ad52ee281638cb,0.516,,,
124,2026-08-03,SH600875,0.025950110174342966,EXP_DEnsembleModel_Alpha158_csi300_custom_step0_s_20260803_15,0188e53fa9d0418d81ad52ee281638cb,0.516,,,
125,2026-08-03,SH600886,0.0237152632937699,EXP_DEnsembleModel_Alpha158_csi300_custom_step0_s_20260803_15,0188e53fa9d0418d81ad52ee281638cb,0.516,,,
126,2026-08-03,SH600887,0.0741284515970084,EXP_DEnsembleModel_Alpha158_csi300_custom_step0_s_20260803_15,0188e53fa9d0418d81ad52ee281638cb,0.516,,,
127,2026-08-03,SH600893,-0.003316296699590895,EXP_DEnsembleModel_Alpha158_csi300_custom_step0_s_20260803_15,0188e53fa9d0418d81ad52ee281638cb,0.516,,,
128,2026-08-03,SH600585,-0.06268181669545242,EXP_DEnsembleModel_Alpha158_csi300_custom_step0_s_20260803_15,0188e53fa9d0418d81ad52ee281638cb,0.516,,,
129,2026-08-03,SH600905,0.07107556473440892,EXP_DEnsembleModel_Alpha158_csi300_custom_step0_s_20260803_15,0188e53fa9d0418d81ad52ee281638cb,0.516,,,
130,2026-08-03,SH600584,0.17641494303171198,EXP_DEnsembleModel_Alpha158_csi300_custom_step0_s_20260803_15,0188e53fa9d0418d81ad52ee281638cb,0.516,,,
131,2026-08-03,SH600549,0.07059690707450457,EXP_DEnsembleModel_Alpha158_csi300_custom_step0_s_20260803_15,0188e53fa9d0418d81ad52ee281638cb,0.516,,,
132,2026-08-03,SH600346,-0.040800118214348056,EXP_DEnsembleModel_Alpha158_csi300_custom_step0_s_20260803_15,0188e53fa9d0418d81ad52ee281638cb,0.516,,,
133,2026-08-03,SH600362,-0.14150417736622073,EXP_DEnsembleModel_Alpha158_csi300_custom_step0_s_20260803_15,0188e53fa9d0418d81ad52ee281638cb,0.516,,,
134,2026-08-03,SH600372,0.062344363524222464,EXP_DEnsembleModel_Alpha158_csi300_custom_step0_s_20260803_15,0188e53fa9d0418d81ad52ee281638cb,0.516,,,
135,2026-08-03,SH600406,-0.04380599771161364,EXP_DEnsembleModel_Alpha158_csi300_custom_step0_s_20260803_15,0188e53fa9d0418d81ad52ee281638cb,0.516,,,
136,2026-08-03,SH600415,-0.1790511860901177,EXP_DEnsembleModel_Alpha158_csi300_custom_step0_s_20260803_15,0188e53fa9d0418d81ad52ee281638cb,0.516,,,
137,2026-08-03,SH600426,-0.1261904094786434,EXP_DEnsembleModel_Alpha158_csi300_custom_step0_s_20260803_15,0188e53fa9d0418d81ad52ee281638cb,0.516,,,
138,2026-08-03,SH600436,-0.09730997880085065,EXP_DEnsembleModel_Alpha158_csi300_custom_step0_s_20260803_15,0188e53fa9d0418d81ad52ee281638cb,0.516,,,
139,2026-08-03,SH600438,0.17579020689756727,EXP_DEnsembleModel_Alpha158_csi300_custom_step0_s_20260803_15,0188e53fa9d0418d81ad52ee281638cb,0.516,,,
140,2026-08-03,SH600460,0.13526552092487482,EXP_DEnsembleModel_Alpha158_csi300_custom_step0_s_20260803_15,0188e53fa9d0418d81ad52ee281638cb,0.516,,,
141,2026-08-03,SH600482,-0.05080994793501157,EXP_DEnsembleModel_Alpha158_csi300_custom_step0_s_20260803_15,0188e53fa9d0418d81ad52ee281638cb,0.516,,,
142,2026-08-03,SH600489,-0.10920564078287759,EXP_DEnsembleModel_Alpha158_csi300_custom_step0_s_20260803_15,0188e53fa9d0418d81ad52ee281638cb,0.516,,,
143,2026-08-03,SH600515,0.016494393635383162,EXP_DEnsembleModel_Alpha158_csi300_custom_step0_s_20260803_15,0188e53fa9d0418d81ad52ee281638cb,0.516,,,
144,2026-08-03,SH600519,-0.03447383025517541,EXP_DEnsembleModel_Alpha158_csi300_custom_step0_s_20260803_15,0188e53fa9d0418d81ad52ee281638cb,0.516,,,
145,2026-08-03,SH600522,0.16039124331900406,EXP_DEnsembleModel_Alpha158_csi300_custom_step0_s_20260803_15,0188e53fa9d0418d81ad52ee281638cb,0.516,,,
146,2026-08-03,SH600547,-0.08443663471209976,EXP_DEnsembleModel_Alpha158_csi300_custom_step0_s_20260803_15,0188e53fa9d0418d81ad52ee281638cb,0.516,,,
147,2026-08-03,SH600570,0.05009799706806929,EXP_DEnsembleModel_Alpha158_csi300_custom_step0_s_20260803_15,0188e53fa9d0418d81ad52ee281638cb,0.516,,,
148,2026-08-03,SH600009,-0.002030767748727405,EXP_DEnsembleModel_Alpha158_csi300_custom_step0_s_20260803_15,0188e53fa9d0418d81ad52ee281638cb,0.516,,,
149,2026-08-03,SH601919,0.03683970170520236,EXP_DEnsembleModel_Alpha158_csi300_custom_step0_s_20260803_15,0188e53fa9d0418d81ad52ee281638cb,0.516,,,
150,2026-08-03,SH601985,0.12538396510035754,EXP_DEnsembleModel_Alpha158_csi300_custom_step0_s_20260803_15,0188e53fa9d0418d81ad52ee281638cb,0.516,,,
151,2026-08-03,SZ002460,0.23741766332496786,EXP_DEnsembleModel_Alpha158_csi300_custom_step0_s_20260803_15,0188e53fa9d0418d81ad52ee281638cb,0.516,,,
152,2026-08-03,SZ002463,0.15282423566085027,EXP_DEnsembleModel_Alpha158_csi300_custom_step0_s_20260803_15,0188e53fa9d0418d81ad52ee281638cb,0.516,,,
153,2026-08-03,SZ002466,0.2231184500461534,EXP_DEnsembleModel_Alpha158_csi300_custom_step0_s_20260803_15,0188e53fa9d0418d81ad52ee281638cb,0.516,,,
154,2026-08-03,SZ002475,0.20898018350707173,EXP_DEnsembleModel_Alpha158_csi300_custom_step0_s_20260803_15,0188e53fa9d0418d81ad52ee281638cb,0.516,,,
155,2026-08-03,SZ002493,-0.11944901436301188,EXP_DEnsembleModel_Alpha158_csi300_custom_step0_s_20260803_15,0188e53fa9d0418d81ad52ee281638cb,0.516,,,
156,2026-08-03,SZ002532,-0.10505186166425867,EXP_DEnsembleModel_Alpha158_csi300_custom_step0_s_20260803_15,0188e53fa9d0418d81ad52ee281638cb,0.516,,,
157,2026-08-03,SZ002422,0.1082491725569313,EXP_DEnsembleModel_Alpha158_csi300_custom_step0_s_20260803_15,0188e53fa9d0418d81ad52ee281638cb,0.516,,,
158,2026-08-03,SZ002558,-0.12397376791549965,EXP_DEnsembleModel_Alpha158_csi300_custom_step0_s_20260803_15,0188e53fa9d0418d81ad52ee281638cb,0.516,,,
159,2026-08-03,SZ002600,0.16140388124344215,EXP_DEnsembleModel_Alpha158_csi300_custom_step0_s_20260803_15,0188e53fa9d0418d81ad52ee281638cb,0.516,,,
160,2026-08-03,SZ002602,-0.14317981599228086,EXP_DEnsembleModel_Alpha158_csi300_custom_step0_s_20260803_15,0188e53fa9d0418d81ad52ee281638cb,0.516,,,
161,2026-08-03,SZ002625,0.0806298784745297,EXP_DEnsembleModel_Alpha158_csi300_custom_step0_s_20260803_15,0188e53fa9d0418d81ad52ee281638cb,0.516,,,
162,2026-08-03,SZ002648,-0.07420754181656745,EXP_DEnsembleModel_Alpha158_csi300_custom_step0_s_20260803_15,0188e53fa9d0418d81ad52ee281638cb,0.516,,,
163,2026-08-03,SZ002709,0.09778918600495776,EXP_DEnsembleModel_Alpha158_csi300_custom_step0_s_20260803_15,0188e53fa9d0418d81ad52ee281638cb,0.516,,,
164,2026-08-03,SZ002714,-0.058677006560659155,EXP_DEnsembleModel_Alpha158_csi300_custom_step0_s_20260803_15,0188e53fa9d0418d81ad52ee281638cb,0.516,,,
165,2026-08-03,SZ002594,-0.0970363423716556,EXP_DEnsembleModel_Alpha158_csi300_custom_step0_s_20260803_15,0188e53fa9d0418d81ad52ee281638cb,0.516,,,
166,2026-08-03,SZ002415,0.05850289443042316,EXP_DEnsembleModel_Alpha158_csi300_custom_step0_s_20260803_15,0188e53fa9d0418d81ad52ee281638cb,0.516,,,
167,2026-08-03,SZ002384,0.13106737170644392,EXP_DEnsembleModel_Alpha158_csi300_custom_step0_s_20260803_15,0188e53fa9d0418d81ad52ee281638cb,0.516,,,
168,2026-08-03,SZ002371,0.12263541783312079,EXP_DEnsembleModel_Alpha158_csi300_custom_step0_s_20260803_15,0188e53fa9d0418d81ad52ee281638cb,0.516,,,
169,2026-08-03,SZ002027,-0.018328468524743357,EXP_DEnsembleModel_Alpha158_csi300_custom_step0_s_20260803_15,0188e53fa9d0418d81ad52ee281638cb,0.516,,,
170,2026-08-03,SZ002028,0.06486204288374091,EXP_DEnsembleModel_Alpha158_csi300_custom_step0_s_20260803_15,0188e53fa9d0418d81ad52ee281638cb,0.516,,,
171,2026-08-03,SZ002049,0.07389159244939818,EXP_DEnsembleModel_Alpha158_csi300_custom_step0_s_20260803_15,0188e53fa9d0418d81ad52ee281638cb,0.516,,,
172,2026-08-03,SZ002050,0.0544285907404581,EXP_DEnsembleModel_Alpha158_csi300_custom_step0_s_20260803_15,0188e53fa9d0418d81ad52ee281638cb,0.516,,,
173,2026-08-03,SZ002074,-0.03748775259079808,EXP_DEnsembleModel_Alpha158_csi300_custom_step0_s_20260803_15,0188e53fa9d0418d81ad52ee281638cb,0.516,,,
174,2026-08-03,SZ002142,0.09078688889258535,EXP_DEnsembleModel_Alpha158_csi300_custom_step0_s_20260803_15,0188e53fa9d0418d81ad52ee281638cb,0.516,,,
175,2026-08-03,SZ002179,0.06492987381436308,EXP_DEnsembleModel_Alpha158_csi300_custom_step0_s_20260803_15,0188e53fa9d0418d81ad52ee281638cb,0.516,,,
176,2026-08-03,SZ002202,0.2598177037931958,EXP_DEnsembleModel_Alpha158_csi300_custom_step0_s_20260803_15,0188e53fa9d0418d81ad52ee281638cb,0.516,,,
177,2026-08-03,SZ002230,0.03832807000883369,EXP_DEnsembleModel_Alpha158_csi300_custom_step0_s_20260803_15,0188e53fa9d0418d81ad52ee281638cb,0.516,,,
178,2026-08-03,SZ002236,0.013864804017183666,EXP_DEnsembleModel_Alpha158_csi300_custom_step0_s_20260803_15,0188e53fa9d0418d81ad52ee281638cb,0.516,,,
179,2026-08-03,SZ002241,-0.027544817789390396,EXP_DEnsembleModel_Alpha158_csi300_custom_step0_s_20260803_15,0188e53fa9d0418d81ad52ee281638cb,0.516,,,
180,2026-08-03,SZ002304,-0.07751571667254183,EXP_DEnsembleModel_Alpha158_csi300_custom_step0_s_20260803_15,0188e53fa9d0418d81ad52ee281638cb,0.516,,,
181,2026-08-03,SZ002311,0.05269167855067792,EXP_DEnsembleModel_Alpha158_csi300_custom_step0_s_20260803_15,0188e53fa9d0418d81ad52ee281638cb,0.516,,,
182,2026-08-03,SZ002352,-0.029399851009824594,EXP_DEnsembleModel_Alpha158_csi300_custom_step0_s_20260803_15,0188e53fa9d0418d81ad52ee281638cb,0.516,,,
183,2026-08-03,SZ002353,0.1384393335054793,EXP_DEnsembleModel_Alpha158_csi300_custom_step0_s_20260803_15,0188e53fa9d0418d81ad52ee281638cb,0.516,,,
184,2026-08-03,SZ002736,0.05032768701051399,EXP_DEnsembleModel_Alpha158_csi300_custom_step0_s_20260803_15,0188e53fa9d0418d81ad52ee281638cb,0.516,,,
185,2026-08-03,SZ002837,0.2025658811015162,EXP_DEnsembleModel_Alpha158_csi300_custom_step0_s_20260803_15,0188e53fa9d0418d81ad52ee281638cb,0.516,,,
186,2026-08-03,SZ002916,0.1681636920448616,EXP_DEnsembleModel_Alpha158_csi300_custom_step0_s_20260803_15,0188e53fa9d0418d81ad52ee281638cb,0.516,,,
187,2026-08-03,SZ002920,-0.09121672685931809,EXP_DEnsembleModel_Alpha158_csi300_custom_step0_s_20260803_15,0188e53fa9d0418d81ad52ee281638cb,0.516,,,
188,2026-08-03,SZ300476,0.2368345227756486,EXP_DEnsembleModel_Alpha158_csi300_custom_step0_s_20260803_15,0188e53fa9d0418d81ad52ee281638cb,0.516,,,
189,2026-08-03,SZ300498,-0.021712045158367624,EXP_DEnsembleModel_Alpha158_csi300_custom_step0_s_20260803_15,0188e53fa9d0418d81ad52ee281638cb,0.516,,,
190,2026-08-03,SZ300502,0.21801466028226338,EXP_DEnsembleModel_Alpha158_csi300_custom_step0_s_20260803_15,0188e53fa9d0418d81ad52ee281638cb,0.516,,,
191,2026-08-03,SZ300628,0.01699455934932215,EXP_DEnsembleModel_Alpha158_csi300_custom_step0_s_20260803_15,0188e53fa9d0418d81ad52ee281638cb,0.516,,,
192,2026-08-03,SZ300661,0.1459085089347999,EXP_DEnsembleModel_Alpha158_csi300_custom_step0_s_20260803_15,0188e53fa9d0418d81ad52ee281638cb,0.516,,,
193,2026-08-03,SZ300750,-0.061393493856333685,EXP_DEnsembleModel_Alpha158_csi300_custom_step0_s_20260803_15,0188e53fa9d0418d81ad52ee281638cb,0.516,,,
194,2026-08-03,SZ300760,-0.09495581966559982,EXP_DEnsembleModel_Alpha158_csi300_custom_step0_s_20260803_15,0188e53fa9d0418d81ad52ee281638cb,0.516,,,
195,2026-08-03,SZ300803,-0.024618583943611837,EXP_DEnsembleModel_Alpha158_csi300_custom_step0_s_20260803_15,0188e53fa9d0418d81ad52ee281638cb,0.516,,,
196,2026-08-03,SZ300832,-0.008791463437918054,EXP_DEnsembleModel_Alpha158_csi300_custom_step0_s_20260803_15,0188e53fa9d0418d81ad52ee281638cb,0.516,,,
197,2026-08-03,SZ300866,-0.1375076584057726,EXP_DEnsembleModel_Alpha158_csi300_custom_step0_s_20260803_15,0188e53fa9d0418d81ad52ee281638cb,0.516,,,
198,2026-08-03,SZ300896,-0.11630570254547631,EXP_DEnsembleModel_Alpha158_csi300_custom_step0_s_20260803_15,0188e53fa9d0418d81ad52ee281638cb,0.516,,,
199,2026-08-03,SZ300999,-0.00384185813805074,EXP_DEnsembleModel_Alpha158_csi300_custom_step0_s_20260803_15,0188e53fa9d0418d81ad52ee281638cb,0.516,,,
200,2026-08-03,SZ301165,0.001466788329994558,EXP_DEnsembleModel_Alpha158_csi300_custom_step0_s_20260803_15,0188e53fa9d0418d81ad52ee281638cb,0.516,,,
201,2026-08-03,SZ301236,-0.15570904242148714,EXP_DEnsembleModel_Alpha158_csi300_custom_step0_s_20260803_15,0188e53fa9d0418d81ad52ee281638cb,0.516,,,
202,2026-08-03,SZ301269,0.09975862399076647,EXP_DEnsembleModel_Alpha158_csi300_custom_step0_s_20260803_15,0188e53fa9d0418d81ad52ee281638cb,0.516,,,
203,2026-08-03,SZ300450,0.12892047971041815,EXP_DEnsembleModel_Alpha158_csi300_custom_step0_s_20260803_15,0188e53fa9d0418d81ad52ee281638cb,0.516,,,
204,2026-08-03,SZ002001,-0.10042963488579201,EXP_DEnsembleModel_Alpha158_csi300_custom_step0_s_20260803_15,0188e53fa9d0418d81ad52ee281638cb,0.516,,,
205,2026-08-03,SZ300442,0.11133356070967668,EXP_DEnsembleModel_Alpha158_csi300_custom_step0_s_20260803_15,0188e53fa9d0418d81ad52ee281638cb,0.516,,,
206,2026-08-03,SZ300418,-0.11998182466954717,EXP_DEnsembleModel_Alpha158_csi300_custom_step0_s_20260803_15,0188e53fa9d0418d81ad52ee281638cb,0.516,,,
207,2026-08-03,SZ002938,0.128926314387103,EXP_DEnsembleModel_Alpha158_csi300_custom_step0_s_20260803_15,0188e53fa9d0418d81ad52ee281638cb,0.516,,,
208,2026-08-03,SZ003816,0.038547942202970795,EXP_DEnsembleModel_Alpha158_csi300_custom_step0_s_20260803_15,0188e53fa9d0418d81ad52ee281638cb,0.516,,,
209,2026-08-03,SZ300014,0.033671587123532576,EXP_DEnsembleModel_Alpha158_csi300_custom_step0_s_20260803_15,0188e53fa9d0418d81ad52ee281638cb,0.516,,,
210,2026-08-03,SZ300015,-0.10063646335914038,EXP_DEnsembleModel_Alpha158_csi300_custom_step0_s_20260803_15,0188e53fa9d0418d81ad52ee281638cb,0.516,,,
211,2026-08-03,SZ300033,-0.09995145398461316,EXP_DEnsembleModel_Alpha158_csi300_custom_step0_s_20260803_15,0188e53fa9d0418d81ad52ee281638cb,0.516,,,
212,2026-08-03,SZ300059,-0.04218129687032828,EXP_DEnsembleModel_Alpha158_csi300_custom_step0_s_20260803_15,0188e53fa9d0418d81ad52ee281638cb,0.516,,,
213,2026-08-03,SZ300122,-0.10715376028377699,EXP_DEnsembleModel_Alpha158_csi300_custom_step0_s_20260803_15,0188e53fa9d0418d81ad52ee281638cb,0.516,,,
214,2026-08-03,SZ300124,-0.014275136671424798,EXP_DEnsembleModel_Alpha158_csi300_custom_step0_s_20260803_15,0188e53fa9d0418d81ad52ee281638cb,0.516,,,
215,2026-08-03,SZ300251,-0.1347418741570234,EXP_DEnsembleModel_Alpha158_csi300_custom_step0_s_20260803_15,0188e53fa9d0418d81ad52ee281638cb,0.516,,,
216,2026-08-03,SZ300274,0.25748439133811923,EXP_DEnsembleModel_Alpha158_csi300_custom_step0_s_20260803_15,0188e53fa9d0418d81ad52ee281638cb,0.516,,,
217,2026-08-03,SZ300308,0.12002382719911725,EXP_DEnsembleModel_Alpha158_csi300_custom_step0_s_20260803_15,0188e53fa9d0418d81ad52ee281638cb,0.516,,,
218,2026-08-03,SZ300316,0.10567193800397398,EXP_DEnsembleModel_Alpha158_csi300_custom_step0_s_20260803_15,0188e53fa9d0418d81ad52ee281638cb,0.516,,,
219,2026-08-03,SZ300394,0.3107445557056349,EXP_DEnsembleModel_Alpha158_csi300_custom_step0_s_20260803_15,0188e53fa9d0418d81ad52ee281638cb,0.516,,,
220,2026-08-03,SZ300408,0.16203209656372544,EXP_DEnsembleModel_Alpha158_csi300_custom_step0_s_20260803_15,0188e53fa9d0418d81ad52ee281638cb,0.516,,,
221,2026-08-03,SZ300413,-0.16660710549790206,EXP_DEnsembleModel_Alpha158_csi300_custom_step0_s_20260803_15,0188e53fa9d0418d81ad52ee281638cb,0.516,,,
222,2026-08-03,SZ300433,0.13951977490518577,EXP_DEnsembleModel_Alpha158_csi300_custom_step0_s_20260803_15,0188e53fa9d0418d81ad52ee281638cb,0.516,,,
223,2026-08-03,SH601939,0.12519106920814496,EXP_DEnsembleModel_Alpha158_csi300_custom_step0_s_20260803_15,0188e53fa9d0418d81ad52ee281638cb,0.516,,,
224,2026-08-03,SZ001979,-0.05806639649518537,EXP_DEnsembleModel_Alpha158_csi300_custom_step0_s_20260803_15,0188e53fa9d0418d81ad52ee281638cb,0.516,,,
225,2026-08-03,SZ001391,0.045773116209166666,EXP_DEnsembleModel_Alpha158_csi300_custom_step0_s_20260803_15,0188e53fa9d0418d81ad52ee281638cb,0.516,,,
226,2026-08-03,SH688012,0.29487748686632576,EXP_DEnsembleModel_Alpha158_csi300_custom_step0_s_20260803_15,0188e53fa9d0418d81ad52ee281638cb,0.516,,,
227,2026-08-03,SH688036,-0.04299579137170575,EXP_DEnsembleModel_Alpha158_csi300_custom_step0_s_20260803_15,0188e53fa9d0418d81ad52ee281638cb,0.516,,,
228,2026-08-03,SH688041,0.10684760469887047,EXP_DEnsembleModel_Alpha158_csi300_custom_step0_s_20260803_15,0188e53fa9d0418d81ad52ee281638cb,0.516,,,
229,2026-08-03,SH688047,0.15814547848415134,EXP_DEnsembleModel_Alpha158_csi300_custom_step0_s_20260803_15,0188e53fa9d0418d81ad52ee281638cb,0.516,,,
230,2026-08-03,SH688072,0.07582914920091888,EXP_DEnsembleModel_Alpha158_csi300_custom_step0_s_20260803_15,0188e53fa9d0418d81ad52ee281638cb,0.516,,,
231,2026-08-03,SH688082,0.21520394495122144,EXP_DEnsembleModel_Alpha158_csi300_custom_step0_s_20260803_15,0188e53fa9d0418d81ad52ee281638cb,0.516,,,
232,2026-08-03,SH688009,0.08626293542925734,EXP_DEnsembleModel_Alpha158_csi300_custom_step0_s_20260803_15,0188e53fa9d0418d81ad52ee281638cb,0.516,,,
233,2026-08-03,SH688111,-0.10218350986971114,EXP_DEnsembleModel_Alpha158_csi300_custom_step0_s_20260803_15,0188e53fa9d0418d81ad52ee281638cb,0.516,,,
234,2026-08-03,SH688183,0.22180630749167915,EXP_DEnsembleModel_Alpha158_csi300_custom_step0_s_20260803_15,0188e53fa9d0418d81ad52ee281638cb,0.516,,,
235,2026-08-03,SH688223,0.05336544425428858,EXP_DEnsembleModel_Alpha158_csi300_custom_step0_s_20260803_15,0188e53fa9d0418d81ad52ee281638cb,0.516,,,
236,2026-08-03,SH688256,0.2595470206224314,EXP_DEnsembleModel_Alpha158_csi300_custom_step0_s_20260803_15,0188e53fa9d0418d81ad52ee281638cb,0.516,,,
237,2026-08-03,SH688271,-0.08434616460461229,EXP_DEnsembleModel_Alpha158_csi300_custom_step0_s_20260803_15,0188e53fa9d0418d81ad52ee281638cb,0.516,,,
238,2026-08-03,SH688303,-0.03685503547774407,EXP_DEnsembleModel_Alpha158_csi300_custom_step0_s_20260803_15,0188e53fa9d0418d81ad52ee281638cb,0.516,,,
239,2026-08-03,SH688396,0.20367158102678054,EXP_DEnsembleModel_Alpha158_csi300_custom_step0_s_20260803_15,0188e53fa9d0418d81ad52ee281638cb,0.516,,,
240,2026-08-03,SH688126,0.08609687095237949,EXP_DEnsembleModel_Alpha158_csi300_custom_step0_s_20260803_15,0188e53fa9d0418d81ad52ee281638cb,0.516,,,
241,2026-08-03,SH688008,0.2081028689636305,EXP_DEnsembleModel_Alpha158_csi300_custom_step0_s_20260803_15,0188e53fa9d0418d81ad52ee281638cb,0.516,,,
242,2026-08-03,SH605499,-0.11497574671030475,EXP_DEnsembleModel_Alpha158_csi300_custom_step0_s_20260803_15,0188e53fa9d0418d81ad52ee281638cb,0.516,,,
243,2026-08-03,SH605117,0.1468994424997287,EXP_DEnsembleModel_Alpha158_csi300_custom_step0_s_20260803_15,0188e53fa9d0418d81ad52ee281638cb,0.516,,,
244,2026-08-03,SH601988,0.12203573835429397,EXP_DEnsembleModel_Alpha158_csi300_custom_step0_s_20260803_15,0188e53fa9d0418d81ad52ee281638cb,0.516,,,
245,2026-08-03,SH601995,-0.002356744792525659,EXP_DEnsembleModel_Alpha158_csi300_custom_step0_s_20260803_15,0188e53fa9d0418d81ad52ee281638cb,0.516,,,
246,2026-08-03,SH601998,-0.03747071691961466,EXP_DEnsembleModel_Alpha158_csi300_custom_step0_s_20260803_15,0188e53fa9d0418d81ad52ee281638cb,0.516,,,
247,2026-08-03,SH603019,-0.001098280629287314,EXP_DEnsembleModel_Alpha158_csi300_custom_step0_s_20260803_15,0188e53fa9d0418d81ad52ee281638cb,0.516,,,
248,2026-08-03,SH603259,-0.09838681914389986,EXP_DEnsembleModel_Alpha158_csi300_custom_step0_s_20260803_15,0188e53fa9d0418d81ad52ee281638cb,0.516,,,
249,2026-08-03,SH603260,0.08526851784203013,EXP_DEnsembleModel_Alpha158_csi300_custom_step0_s_20260803_15,0188e53fa9d0418d81ad52ee281638cb,0.516,,,
250,2026-08-03,SH603288,0.006114274761305146,EXP_DEnsembleModel_Alpha158_csi300_custom_step0_s_20260803_15,0188e53fa9d0418d81ad52ee281638cb,0.516,,,
251,2026-08-03,SH603296,0.02991213952706867,EXP_DEnsembleModel_Alpha158_csi300_custom_step0_s_20260803_15,0188e53fa9d0418d81ad52ee281638cb,0.516,,,
252,2026-08-03,SH603369,-0.07334924609599104,EXP_DEnsembleModel_Alpha158_csi300_custom_step0_s_20260803_15,0188e53fa9d0418d81ad52ee281638cb,0.516,,,
253,2026-08-03,SH603392,-0.10752568656737177,EXP_DEnsembleModel_Alpha158_csi300_custom_step0_s_20260803_15,0188e53fa9d0418d81ad52ee281638cb,0.516,,,
254,2026-08-03,SH603501,0.022056910867122095,EXP_DEnsembleModel_Alpha158_csi300_custom_step0_s_20260803_15,0188e53fa9d0418d81ad52ee281638cb,0.516,,,
255,2026-08-03,SH603799,0.07891744868493923,EXP_DEnsembleModel_Alpha158_csi300_custom_step0_s_20260803_15,0188e53fa9d0418d81ad52ee281638cb,0.516,,,
256,2026-08-03,SH603893,0.030073003963746448,EXP_DEnsembleModel_Alpha158_csi300_custom_step0_s_20260803_15,0188e53fa9d0418d81ad52ee281638cb,0.516,,,
257,2026-08-03,SH603986,0.19937414397462544,EXP_DEnsembleModel_Alpha158_csi300_custom_step0_s_20260803_15,0188e53fa9d0418d81ad52ee281638cb,0.516,,,
258,2026-08-03,SH603993,-0.12689831746953087,EXP_DEnsembleModel_Alpha158_csi300_custom_step0_s_20260803_15,0188e53fa9d0418d81ad52ee281638cb,0.516,,,
259,2026-08-03,SH688472,-0.05666360907351954,EXP_DEnsembleModel_Alpha158_csi300_custom_step0_s_20260803_15,0188e53fa9d0418d81ad52ee281638cb,0.516,,,
260,2026-08-03,SH688506,0.0028109795019335766,EXP_DEnsembleModel_Alpha158_csi300_custom_step0_s_20260803_15,0188e53fa9d0418d81ad52ee281638cb,0.516,,,
261,2026-08-03,SH688521,0.12237680793188298,EXP_DEnsembleModel_Alpha158_csi300_custom_step0_s_20260803_15,0188e53fa9d0418d81ad52ee281638cb,0.516,,,
262,2026-08-03,SH688981,0.03081347983386046,EXP_DEnsembleModel_Alpha158_csi300_custom_step0_s_20260803_15,0188e53fa9d0418d81ad52ee281638cb,0.516,,,
263,2026-08-03,SZ000708,-0.01670508056895395,EXP_DEnsembleModel_Alpha158_csi300_custom_step0_s_20260803_15,0188e53fa9d0418d81ad52ee281638cb,0.516,,,
264,2026-08-03,SZ000725,0.11950147649307223,EXP_DEnsembleModel_Alpha158_csi300_custom_step0_s_20260803_15,0188e53fa9d0418d81ad52ee281638cb,0.516,,,
265,2026-08-03,SZ000768,0.03636842670279535,EXP_DEnsembleModel_Alpha158_csi300_custom_step0_s_20260803_15,0188e53fa9d0418d81ad52ee281638cb,0.516,,,
266,2026-08-03,SZ000776,-0.09250003272576021,EXP_DEnsembleModel_Alpha158_csi300_custom_step0_s_20260803_15,0188e53fa9d0418d81ad52ee281638cb,0.516,,,
267,2026-08-03,SZ000792,-0.018835009468770265,EXP_DEnsembleModel_Alpha158_csi300_custom_step0_s_20260803_15,0188e53fa9d0418d81ad52ee281638cb,0.516,,,
268,2026-08-03,SZ000807,-0.08798543094242178,EXP_DEnsembleModel_Alpha158_csi300_custom_step0_s_20260803_15,0188e53fa9d0418d81ad52ee281638cb,0.516,,,
269,2026-08-03,SZ000858,-0.056870481936170565,EXP_DEnsembleModel_Alpha158_csi300_custom_step0_s_20260803_15,0188e53fa9d0418d81ad52ee281638cb,0.516,,,
270,2026-08-03,SZ000895,-0.0903088771116163,EXP_DEnsembleModel_Alpha158_csi300_custom_step0_s_20260803_15,0188e53fa9d0418d81ad52ee281638cb,0.516,,,
271,2026-08-03,SZ000938,0.08076137869804688,EXP_DEnsembleModel_Alpha158_csi300_custom_step0_s_20260803_15,0188e53fa9d0418d81ad52ee281638cb,0.516,,,
272,2026-08-03,SZ000963,-0.06639351813308816,EXP_DEnsembleModel_Alpha158_csi300_custom_step0_s_20260803_15,0188e53fa9d0418d81ad52ee281638cb,0.516,,,
273,2026-08-03,SZ000975,-0.05960771873186251,EXP_DEnsembleModel_Alpha158_csi300_custom_step0_s_20260803_15,0188e53fa9d0418d81ad52ee281638cb,0.516,,,
274,2026-08-03,SZ000977,0.03578380832158533,EXP_DEnsembleModel_Alpha158_csi300_custom_step0_s_20260803_15,0188e53fa9d0418d81ad52ee281638cb,0.516,,,
275,2026-08-03,SZ000988,0.23492108504251183,EXP_DEnsembleModel_Alpha158_csi300_custom_step0_s_20260803_15,0188e53fa9d0418d81ad52ee281638cb,0.516,,,
276,2026-08-03,SZ000999,-0.017623089995922863,EXP_DEnsembleModel_Alpha158_csi300_custom_step0_s_20260803_15,0188e53fa9d0418d81ad52ee281638cb,0.516,,,
277,2026-08-03,SZ001280,-0.08483925038654917,EXP_DEnsembleModel_Alpha158_csi300_custom_step0_s_20260803_15,0188e53fa9d0418d81ad52ee281638cb,0.516,,,
278,2026-08-03,SZ000657,0.06815295014000235,EXP_DEnsembleModel_Alpha158_csi300_custom_step0_s_20260803_15,0188e53fa9d0418d81ad52ee281638cb,0.516,,,
279,2026-08-03,SZ001965,0.10629650410413462,EXP_DEnsembleModel_Alpha158_csi300_custom_step0_s_20260803_15,0188e53fa9d0418d81ad52ee281638cb,0.516,,,
280,2026-08-03,SZ000651,0.11509092573637565,EXP_DEnsembleModel_Alpha158_csi300_custom_step0_s_20260803_15,0188e53fa9d0418d81ad52ee281638cb,0.516,,,
281,2026-08-03,SZ000625,-0.07944492139490218,EXP_DEnsembleModel_Alpha158_csi300_custom_step0_s_20260803_15,0188e53fa9d0418d81ad52ee281638cb,0.516,,,
282,2026-08-03,SZ000001,0.07875806612593315,EXP_DEnsembleModel_Alpha158_csi300_custom_step0_s_20260803_15,0188e53fa9d0418d81ad52ee281638cb,0.516,,,
283,2026-08-03,SZ000002,-0.09240631963042474,EXP_DEnsembleModel_Alpha158_csi300_custom_step0_s_20260803_15,0188e53fa9d0418d81ad52ee281638cb,0.516,,,
284,2026-08-03,SZ000063,-0.0916382221359853,EXP_DEnsembleModel_Alpha158_csi300_custom_step0_s_20260803_15,0188e53fa9d0418d81ad52ee281638cb,0.516,,,
285,2026-08-03,SZ000100,-0.07100157703413812,EXP_DEnsembleModel_Alpha158_csi300_custom_step0_s_20260803_15,0188e53fa9d0418d81ad52ee281638cb,0.516,,,
286,2026-08-03,SZ000157,-0.029084795196951896,EXP_DEnsembleModel_Alpha158_csi300_custom_step0_s_20260803_15,0188e53fa9d0418d81ad52ee281638cb,0.516,,,
287,2026-08-03,SZ000166,0.06559356897128567,EXP_DEnsembleModel_Alpha158_csi300_custom_step0_s_20260803_15,0188e53fa9d0418d81ad52ee281638cb,0.516,,,
288,2026-08-03,SZ000301,-0.00997572981684233,EXP_DEnsembleModel_Alpha158_csi300_custom_step0_s_20260803_15,0188e53fa9d0418d81ad52ee281638cb,0.516,,,
289,2026-08-03,SZ000333,0.016454325277927513,EXP_DEnsembleModel_Alpha158_csi300_custom_step0_s_20260803_15,0188e53fa9d0418d81ad52ee281638cb,0.516,,,
290,2026-08-03,SZ000338,-0.006364124666179946,EXP_DEnsembleModel_Alpha158_csi300_custom_step0_s_20260803_15,0188e53fa9d0418d81ad52ee281638cb,0.516,,,
291,2026-08-03,SZ000408,-0.0614786847204421,EXP_DEnsembleModel_Alpha158_csi300_custom_step0_s_20260803_15,0188e53fa9d0418d81ad52ee281638cb,0.516,,,
292,2026-08-03,SZ000425,-0.08241985046053278,EXP_DEnsembleModel_Alpha158_csi300_custom_step0_s_20260803_15,0188e53fa9d0418d81ad52ee281638cb,0.516,,,
293,2026-08-03,SZ000538,0.06265564270134603,EXP_DEnsembleModel_Alpha158_csi300_custom_step0_s_20260803_15,0188e53fa9d0418d81ad52ee281638cb,0.516,,,
294,2026-08-03,SZ000568,-0.12152164651907472,EXP_DEnsembleModel_Alpha158_csi300_custom_step0_s_20260803_15,0188e53fa9d0418d81ad52ee281638cb,0.516,,,
295,2026-08-03,SZ000596,-0.1494596906811124,EXP_DEnsembleModel_Alpha158_csi300_custom_step0_s_20260803_15,0188e53fa9d0418d81ad52ee281638cb,0.516,,,
296,2026-08-03,SZ000617,-0.02521718072108364,EXP_DEnsembleModel_Alpha158_csi300_custom_step0_s_20260803_15,0188e53fa9d0418d81ad52ee281638cb,0.516,,,
297,2026-08-03,SZ000630,-0.09706309227394383,EXP_DEnsembleModel_Alpha158_csi300_custom_step0_s_20260803_15,0188e53fa9d0418d81ad52ee281638cb,0.516,,,
298,2026-08-03,SH600000,-0.0040415103849205615,EXP_DEnsembleModel_Alpha158_csi300_custom_step0_s_20260803_15,0188e53fa9d0418d81ad52ee281638cb,0.516,,,
299,2026-08-03,SZ302132,-0.011034511645917072,EXP_LGBModel_Alpha158_csi300_custom_step0_s_20260803_17,9b87035ef4e946bcb68fc991198a3df0,0.484,,,
300,2026-08-03,SZ301308,0.004369435099754843,EXP_LGBModel_Alpha158_csi300_custom_step0_s_20260803_17,9b87035ef4e946bcb68fc991198a3df0,0.484,,,
301,2026-08-03,SH601111,-0.005456162791780444,EXP_LGBModel_Alpha158_csi300_custom_step0_s_20260803_17,9b87035ef4e946bcb68fc991198a3df0,0.484,,,
302,2026-08-03,SH601117,-2.850895612530484e-10,EXP_LGBModel_Alpha158_csi300_custom_step0_s_20260803_17,9b87035ef4e946bcb68fc991198a3df0,0.484,,,
303,2026-08-03,SH601127,-0.007779176404392555,EXP_LGBModel_Alpha158_csi300_custom_step0_s_20260803_17,9b87035ef4e946bcb68fc991198a3df0,0.484,,,
304,2026-08-03,SH601136,0.005812554237208067,EXP_LGBModel_Alpha158_csi300_custom_step0_s_20260803_17,9b87035ef4e946bcb68fc991198a3df0,0.484,,,
305,2026-08-03,SH601138,0.0048646071759076365,EXP_LGBModel_Alpha158_csi300_custom_step0_s_20260803_17,9b87035ef4e946bcb68fc991198a3df0,0.484,,,
306,2026-08-03,SH601166,-0.0025072541569839805,EXP_LGBModel_Alpha158_csi300_custom_step0_s_20260803_17,9b87035ef4e946bcb68fc991198a3df0,0.484,,,
307,2026-08-03,SH601100,-0.011686361520532797,EXP_LGBModel_Alpha158_csi300_custom_step0_s_20260803_17,9b87035ef4e946bcb68fc991198a3df0,0.484,,,
308,2026-08-03,SH601169,0.006550382796558065,EXP_LGBModel_Alpha158_csi300_custom_step0_s_20260803_17,9b87035ef4e946bcb68fc991198a3df0,0.484,,,
309,2026-08-03,SH601211,0.0025580215549039485,EXP_LGBModel_Alpha158_csi300_custom_step0_s_20260803_17,9b87035ef4e946bcb68fc991198a3df0,0.484,,,
310,2026-08-03,SH601225,-0.0010645686142721892,EXP_LGBModel_Alpha158_csi300_custom_step0_s_20260803_17,9b87035ef4e946bcb68fc991198a3df0,0.484,,,
311,2026-08-03,SH601229,-1.900419731414851e-05,EXP_LGBModel_Alpha158_csi300_custom_step0_s_20260803_17,9b87035ef4e946bcb68fc991198a3df0,0.484,,,
312,2026-08-03,SH601238,-0.0039501455067818695,EXP_LGBModel_Alpha158_csi300_custom_step0_s_20260803_17,9b87035ef4e946bcb68fc991198a3df0,0.484,,,
313,2026-08-03,SH601288,-0.004912347127798853,EXP_LGBModel_Alpha158_csi300_custom_step0_s_20260803_17,9b87035ef4e946bcb68fc991198a3df0,0.484,,,
314,2026-08-03,SH601318,-0.002463888053141787,EXP_LGBModel_Alpha158_csi300_custom_step0_s_20260803_17,9b87035ef4e946bcb68fc991198a3df0,0.484,,,
315,2026-08-03,SH601186,0.001810729834380063,EXP_LGBModel_Alpha158_csi300_custom_step0_s_20260803_17,9b87035ef4e946bcb68fc991198a3df0,0.484,,,
316,2026-08-03,SH601088,0.004956186867841833,EXP_LGBModel_Alpha158_csi300_custom_step0_s_20260803_17,9b87035ef4e946bcb68fc991198a3df0,0.484,,,
317,2026-08-03,SH601077,0.012532644214450984,EXP_LGBModel_Alpha158_csi300_custom_step0_s_20260803_17,9b87035ef4e946bcb68fc991198a3df0,0.484,,,
318,2026-08-03,SH601066,-0.0055014416772725065,EXP_LGBModel_Alpha158_csi300_custom_step0_s_20260803_17,9b87035ef4e946bcb68fc991198a3df0,0.484,,,
319,2026-08-03,SH600919,0.013434545317335294,EXP_LGBModel_Alpha158_csi300_custom_step0_s_20260803_17,9b87035ef4e946bcb68fc991198a3df0,0.484,,,
320,2026-08-03,SH600926,0.0038365270503700343,EXP_LGBModel_Alpha158_csi300_custom_step0_s_20260803_17,9b87035ef4e946bcb68fc991198a3df0,0.484,,,
321,2026-08-03,SH600930,-0.0012190897526764876,EXP_LGBModel_Alpha158_csi300_custom_step0_s_20260803_17,9b87035ef4e946bcb68fc991198a3df0,0.484,,,
322,2026-08-03,SH600938,-0.008631111949533584,EXP_LGBModel_Alpha158_csi300_custom_step0_s_20260803_17,9b87035ef4e946bcb68fc991198a3df0,0.484,,,
323,2026-08-03,SH600941,-1.900419731414851e-05,EXP_LGBModel_Alpha158_csi300_custom_step0_s_20260803_17,9b87035ef4e946bcb68fc991198a3df0,0.484,,,
324,2026-08-03,SH600958,0.008100393738337309,EXP_LGBModel_Alpha158_csi300_custom_step0_s_20260803_17,9b87035ef4e946bcb68fc991198a3df0,0.484,,,
325,2026-08-03,SH600989,-0.006801377917839373,EXP_LGBModel_Alpha158_csi300_custom_step0_s_20260803_17,9b87035ef4e946bcb68fc991198a3df0,0.484,,,
326,2026-08-03,SH600999,-0.007411921476740935,EXP_LGBModel_Alpha158_csi300_custom_step0_s_20260803_17,9b87035ef4e946bcb68fc991198a3df0,0.484,,,
327,2026-08-03,SH601006,0.011406051997119705,EXP_LGBModel_Alpha158_csi300_custom_step0_s_20260803_17,9b87035ef4e946bcb68fc991198a3df0,0.484,,,
328,2026-08-03,SH601009,-0.002543568558137182,EXP_LGBModel_Alpha158_csi300_custom_step0_s_20260803_17,9b87035ef4e946bcb68fc991198a3df0,0.484,,,
329,2026-08-03,SH601012,0.004910653134323758,EXP_LGBModel_Alpha158_csi300_custom_step0_s_20260803_17,9b87035ef4e946bcb68fc991198a3df0,0.484,,,
330,2026-08-03,SH601018,0.01103638000439741,EXP_LGBModel_Alpha158_csi300_custom_step0_s_20260803_17,9b87035ef4e946bcb68fc991198a3df0,0.484,,,
331,2026-08-03,SH601021,0.0027126309372643726,EXP_LGBModel_Alpha158_csi300_custom_step0_s_20260803_17,9b87035ef4e946bcb68fc991198a3df0,0.484,,,
332,2026-08-03,SH601058,-0.004354298677606806,EXP_LGBModel_Alpha158_csi300_custom_step0_s_20260803_17,9b87035ef4e946bcb68fc991198a3df0,0.484,,,
333,2026-08-03,SH601059,0.013434545317335294,EXP_LGBModel_Alpha158_csi300_custom_step0_s_20260803_17,9b87035ef4e946bcb68fc991198a3df0,0.484,,,
334,2026-08-03,SH601319,0.01072191409498136,EXP_LGBModel_Alpha158_csi300_custom_step0_s_20260803_17,9b87035ef4e946bcb68fc991198a3df0,0.484,,,
335,2026-08-03,SH601328,-0.007436911488621887,EXP_LGBModel_Alpha158_csi300_custom_step0_s_20260803_17,9b87035ef4e946bcb68fc991198a3df0,0.484,,,
336,2026-08-03,SH601336,0.0008828969055701612,EXP_LGBModel_Alpha158_csi300_custom_step0_s_20260803_17,9b87035ef4e946bcb68fc991198a3df0,0.484,,,
337,2026-08-03,SH601360,0.004910653134323758,EXP_LGBModel_Alpha158_csi300_custom_step0_s_20260803_17,9b87035ef4e946bcb68fc991198a3df0,0.484,,,
338,2026-08-03,SH601788,0.013434545317335294,EXP_LGBModel_Alpha158_csi300_custom_step0_s_20260803_17,9b87035ef4e946bcb68fc991198a3df0,0.484,,,
339,2026-08-03,SH601800,0.001972042169317654,EXP_LGBModel_Alpha158_csi300_custom_step0_s_20260803_17,9b87035ef4e946bcb68fc991198a3df0,0.484,,,
340,2026-08-03,SH601816,-0.0004623182204887672,EXP_LGBModel_Alpha158_csi300_custom_step0_s_20260803_17,9b87035ef4e946bcb68fc991198a3df0,0.484,,,
341,2026-08-03,SH601818,0.010282155884014044,EXP_LGBModel_Alpha158_csi300_custom_step0_s_20260803_17,9b87035ef4e946bcb68fc991198a3df0,0.484,,,
342,2026-08-03,SH601825,-0.004912347127798853,EXP_LGBModel_Alpha158_csi300_custom_step0_s_20260803_17,9b87035ef4e946bcb68fc991198a3df0,0.484,,,
343,2026-08-03,SH601838,0.013434545317335294,EXP_LGBModel_Alpha158_csi300_custom_step0_s_20260803_17,9b87035ef4e946bcb68fc991198a3df0,0.484,,,
344,2026-08-03,SH601857,-0.001157148549617589,EXP_LGBModel_Alpha158_csi300_custom_step0_s_20260803_17,9b87035ef4e946bcb68fc991198a3df0,0.484,,,
345,2026-08-03,SH601868,-0.00021441579644165782,EXP_LGBModel_Alpha158_csi300_custom_step0_s_20260803_17,9b87035ef4e946bcb68fc991198a3df0,0.484,,,
346,2026-08-03,SH601872,0.020444382698937363,EXP_LGBModel_Alpha158_csi300_custom_step0_s_20260803_17,9b87035ef4e946bcb68fc991198a3df0,0.484,,,
347,2026-08-03,SH601877,-0.01357748220005632,EXP_LGBModel_Alpha158_csi300_custom_step0_s_20260803_17,9b87035ef4e946bcb68fc991198a3df0,0.484,,,
348,2026-08-03,SH601878,0.010658415578330818,EXP_LGBModel_Alpha158_csi300_custom_step0_s_20260803_17,9b87035ef4e946bcb68fc991198a3df0,0.484,,,
349,2026-08-03,SH601881,0.01103638000439741,EXP_LGBModel_Alpha158_csi300_custom_step0_s_20260803_17,9b87035ef4e946bcb68fc991198a3df0,0.484,,,
350,2026-08-03,SH601888,-0.003413158411015808,EXP_LGBModel_Alpha158_csi300_custom_step0_s_20260803_17,9b87035ef4e946bcb68fc991198a3df0,0.484,,,
351,2026-08-03,SH601898,-0.009998528045828589,EXP_LGBModel_Alpha158_csi300_custom_step0_s_20260803_17,9b87035ef4e946bcb68fc991198a3df0,0.484,,,
352,2026-08-03,SH601899,-0.00924764160809151,EXP_LGBModel_Alpha158_csi300_custom_step0_s_20260803_17,9b87035ef4e946bcb68fc991198a3df0,0.484,,,
353,2026-08-03,SH601766,-0.005627685842457429,EXP_LGBModel_Alpha158_csi300_custom_step0_s_20260803_17,9b87035ef4e946bcb68fc991198a3df0,0.484,,,
354,2026-08-03,SH600918,0.001953613602957007,EXP_LGBModel_Alpha158_csi300_custom_step0_s_20260803_17,9b87035ef4e946bcb68fc991198a3df0,0.484,,,
355,2026-08-03,SH601728,-0.004043726637411384,EXP_LGBModel_Alpha158_csi300_custom_step0_s_20260803_17,9b87035ef4e946bcb68fc991198a3df0,0.484,,,
356,2026-08-03,SH601698,-2.850895612530484e-10,EXP_LGBModel_Alpha158_csi300_custom_step0_s_20260803_17,9b87035ef4e946bcb68fc991198a3df0,0.484,,,
357,2026-08-03,SH601377,0.0084783581644039,EXP_LGBModel_Alpha158_csi300_custom_step0_s_20260803_17,9b87035ef4e946bcb68fc991198a3df0,0.484,,,
358,2026-08-03,SH601390,0.0013674158112054443,EXP_LGBModel_Alpha158_csi300_custom_step0_s_20260803_17,9b87035ef4e946bcb68fc991198a3df0,0.484,,,
359,2026-08-03,SH601398,-0.0030826130961046417,EXP_LGBModel_Alpha158_csi300_custom_step0_s_20260803_17,9b87035ef4e946bcb68fc991198a3df0,0.484,,,
360,2026-08-03,SH601456,0.0084783581644039,EXP_LGBModel_Alpha158_csi300_custom_step0_s_20260803_17,9b87035ef4e946bcb68fc991198a3df0,0.484,,,
361,2026-08-03,SH601600,-0.005550948579371955,EXP_LGBModel_Alpha158_csi300_custom_step0_s_20260803_17,9b87035ef4e946bcb68fc991198a3df0,0.484,,,
362,2026-08-03,SH601601,0.0013674158112054443,EXP_LGBModel_Alpha158_csi300_custom_step0_s_20260803_17,9b87035ef4e946bcb68fc991198a3df0,0.484,,,
363,2026-08-03,SH601607,0.009685930494892877,EXP_LGBModel_Alpha158_csi300_custom_step0_s_20260803_17,9b87035ef4e946bcb68fc991198a3df0,0.484,,,
364,2026-08-03,SH601618,0.001810729834380063,EXP_LGBModel_Alpha158_csi300_custom_step0_s_20260803_17,9b87035ef4e946bcb68fc991198a3df0,0.484,,,
365,2026-08-03,SH601628,-0.0028657179168722555,EXP_LGBModel_Alpha158_csi300_custom_step0_s_20260803_17,9b87035ef4e946bcb68fc991198a3df0,0.484,,,
366,2026-08-03,SH601633,-0.0018297343167837728,EXP_LGBModel_Alpha158_csi300_custom_step0_s_20260803_17,9b87035ef4e946bcb68fc991198a3df0,0.484,,,
367,2026-08-03,SH601658,0.013434545317335294,EXP_LGBModel_Alpha158_csi300_custom_step0_s_20260803_17,9b87035ef4e946bcb68fc991198a3df0,0.484,,,
368,2026-08-03,SH601668,0.005765726942049966,EXP_LGBModel_Alpha158_csi300_custom_step0_s_20260803_17,9b87035ef4e946bcb68fc991198a3df0,0.484,,,
369,2026-08-03,SH601669,0.0013674158112054443,EXP_LGBModel_Alpha158_csi300_custom_step0_s_20260803_17,9b87035ef4e946bcb68fc991198a3df0,0.484,,,
370,2026-08-03,SH601688,-0.0018297343167837728,EXP_LGBModel_Alpha158_csi300_custom_step0_s_20260803_17,9b87035ef4e946bcb68fc991198a3df0,0.484,,,
371,2026-08-03,SH601689,0.024813818083781768,EXP_LGBModel_Alpha158_csi300_custom_step0_s_20260803_17,9b87035ef4e946bcb68fc991198a3df0,0.484,,,
372,2026-08-03,SH601727,-0.01038278633476199,EXP_LGBModel_Alpha158_csi300_custom_step0_s_20260803_17,9b87035ef4e946bcb68fc991198a3df0,0.484,,,
373,2026-08-03,SH601901,0.006862894592591999,EXP_LGBModel_Alpha158_csi300_custom_step0_s_20260803_17,9b87035ef4e946bcb68fc991198a3df0,0.484,,,
374,2026-08-03,SH600905,0.0013674158112054443,EXP_LGBModel_Alpha158_csi300_custom_step0_s_20260803_17,9b87035ef4e946bcb68fc991198a3df0,0.484,,,
375,2026-08-03,SH600893,-0.003618690267139626,EXP_LGBModel_Alpha158_csi300_custom_step0_s_20260803_17,9b87035ef4e946bcb68fc991198a3df0,0.484,,,
376,2026-08-03,SH600061,0.010658415578330818,EXP_LGBModel_Alpha158_csi300_custom_step0_s_20260803_17,9b87035ef4e946bcb68fc991198a3df0,0.484,,,
377,2026-08-03,SH600066,-0.004982412641307495,EXP_LGBModel_Alpha158_csi300_custom_step0_s_20260803_17,9b87035ef4e946bcb68fc991198a3df0,0.484,,,
378,2026-08-03,SH600085,-0.0023427233887022424,EXP_LGBModel_Alpha158_csi300_custom_step0_s_20260803_17,9b87035ef4e946bcb68fc991198a3df0,0.484,,,
379,2026-08-03,SH600089,-0.013151206370352312,EXP_LGBModel_Alpha158_csi300_custom_step0_s_20260803_17,9b87035ef4e946bcb68fc991198a3df0,0.484,,,
380,2026-08-03,SH600104,-0.005408688471011502,EXP_LGBModel_Alpha158_csi300_custom_step0_s_20260803_17,9b87035ef4e946bcb68fc991198a3df0,0.484,,,
381,2026-08-03,SH600111,0.00465019166455554,EXP_LGBModel_Alpha158_csi300_custom_step0_s_20260803_17,9b87035ef4e946bcb68fc991198a3df0,0.484,,,
382,2026-08-03,SH600050,-0.0022139926057171727,EXP_LGBModel_Alpha158_csi300_custom_step0_s_20260803_17,9b87035ef4e946bcb68fc991198a3df0,0.484,,,
383,2026-08-03,SH600115,-2.850895612530484e-10,EXP_LGBModel_Alpha158_csi300_custom_step0_s_20260803_17,9b87035ef4e946bcb68fc991198a3df0,0.484,,,
384,2026-08-03,SH600150,-0.010113340484320332,EXP_LGBModel_Alpha158_csi300_custom_step0_s_20260803_17,9b87035ef4e946bcb68fc991198a3df0,0.484,,,
385,2026-08-03,SH600160,-2.850895612530484e-10,EXP_LGBModel_Alpha158_csi300_custom_step0_s_20260803_17,9b87035ef4e946bcb68fc991198a3df0,0.484,,,
386,2026-08-03,SH600176,-2.850895612530484e-10,EXP_LGBModel_Alpha158_csi300_custom_step0_s_20260803_17,9b87035ef4e946bcb68fc991198a3df0,0.484,,,
387,2026-08-03,SH600183,0.004369435099754843,EXP_LGBModel_Alpha158_csi300_custom_step0_s_20260803_17,9b87035ef4e946bcb68fc991198a3df0,0.484,,,
388,2026-08-03,SH600188,-0.013151206370352312,EXP_LGBModel_Alpha158_csi300_custom_step0_s_20260803_17,9b87035ef4e946bcb68fc991198a3df0,0.484,,,
389,2026-08-03,SH600196,-0.0010359838851780442,EXP_LGBModel_Alpha158_csi300_custom_step0_s_20260803_17,9b87035ef4e946bcb68fc991198a3df0,0.484,,,
390,2026-08-03,SH600118,0.019818077141123904,EXP_LGBModel_Alpha158_csi300_custom_step0_s_20260803_17,9b87035ef4e946bcb68fc991198a3df0,0.484,,,
391,2026-08-03,SH600048,-0.0073287547117366555,EXP_LGBModel_Alpha158_csi300_custom_step0_s_20260803_17,9b87035ef4e946bcb68fc991198a3df0,0.484,,,
392,2026-08-03,SH600039,-0.0008246146417837585,EXP_LGBModel_Alpha158_csi300_custom_step0_s_20260803_17,9b87035ef4e946bcb68fc991198a3df0,0.484,,,
393,2026-08-03,SH600036,-0.002543568558137182,EXP_LGBModel_Alpha158_csi300_custom_step0_s_20260803_17,9b87035ef4e946bcb68fc991198a3df0,0.484,,,
394,2026-08-03,SH600009,-0.006127664663092216,EXP_LGBModel_Alpha158_csi300_custom_step0_s_20260803_17,9b87035ef4e946bcb68fc991198a3df0,0.484,,,
395,2026-08-03,SH600010,-0.0012503993965301409,EXP_LGBModel_Alpha158_csi300_custom_step0_s_20260803_17,9b87035ef4e946bcb68fc991198a3df0,0.484,,,
396,2026-08-03,SH600011,0.00018417270722071192,EXP_LGBModel_Alpha158_csi300_custom_step0_s_20260803_17,9b87035ef4e946bcb68fc991198a3df0,0.484,,,
397,2026-08-03,SH600015,0.009922156241079918,EXP_LGBModel_Alpha158_csi300_custom_step0_s_20260803_17,9b87035ef4e946bcb68fc991198a3df0,0.484,,,
398,2026-08-03,SH600016,-0.0017733662705749721,EXP_LGBModel_Alpha158_csi300_custom_step0_s_20260803_17,9b87035ef4e946bcb68fc991198a3df0,0.484,,,
399,2026-08-03,SH600018,0.00757645706151959,EXP_LGBModel_Alpha158_csi300_custom_step0_s_20260803_17,9b87035ef4e946bcb68fc991198a3df0,0.484,,,
400,2026-08-03,SH600019,-0.0003055728602387661,EXP_LGBModel_Alpha158_csi300_custom_step0_s_20260803_17,9b87035ef4e946bcb68fc991198a3df0,0.484,,,
401,2026-08-03,SH600023,0.0027479163992734854,EXP_LGBModel_Alpha158_csi300_custom_step0_s_20260803_17,9b87035ef4e946bcb68fc991198a3df0,0.484,,,
402,2026-08-03,SH600025,0.009531308351282856,EXP_LGBModel_Alpha158_csi300_custom_step0_s_20260803_17,9b87035ef4e946bcb68fc991198a3df0,0.484,,,
403,2026-08-03,SH600026,0.0154486417562795,EXP_LGBModel_Alpha158_csi300_custom_step0_s_20260803_17,9b87035ef4e946bcb68fc991198a3df0,0.484,,,
404,2026-08-03,SH600027,0.0013674158112054443,EXP_LGBModel_Alpha158_csi300_custom_step0_s_20260803_17,9b87035ef4e946bcb68fc991198a3df0,0.484,,,
405,2026-08-03,SH600028,0.007133143038344971,EXP_LGBModel_Alpha158_csi300_custom_step0_s_20260803_17,9b87035ef4e946bcb68fc991198a3df0,0.484,,,
406,2026-08-03,SH600029,0.0025580215549039485,EXP_LGBModel_Alpha158_csi300_custom_step0_s_20260803_17,9b87035ef4e946bcb68fc991198a3df0,0.484,,,
407,2026-08-03,SH600030,0.010658415578330818,EXP_LGBModel_Alpha158_csi300_custom_step0_s_20260803_17,9b87035ef4e946bcb68fc991198a3df0,0.484,,,
408,2026-08-03,SH600031,-0.009158488743430867,EXP_LGBModel_Alpha158_csi300_custom_step0_s_20260803_17,9b87035ef4e946bcb68fc991198a3df0,0.484,,,
409,2026-08-03,SH600219,-0.004982412641307495,EXP_LGBModel_Alpha158_csi300_custom_step0_s_20260803_17,9b87035ef4e946bcb68fc991198a3df0,0.484,,,
410,2026-08-03,SH600221,-0.00021441579644165782,EXP_LGBModel_Alpha158_csi300_custom_step0_s_20260803_17,9b87035ef4e946bcb68fc991198a3df0,0.484,,,
411,2026-08-03,SH600233,-0.0026746334191189314,EXP_LGBModel_Alpha158_csi300_custom_step0_s_20260803_17,9b87035ef4e946bcb68fc991198a3df0,0.484,,,
412,2026-08-03,SH600276,-0.003622590454265699,EXP_LGBModel_Alpha158_csi300_custom_step0_s_20260803_17,9b87035ef4e946bcb68fc991198a3df0,0.484,,,
413,2026-08-03,SH600585,-0.0004623182204887672,EXP_LGBModel_Alpha158_csi300_custom_step0_s_20260803_17,9b87035ef4e946bcb68fc991198a3df0,0.484,,,
414,2026-08-03,SH600588,-0.00325814059472106,EXP_LGBModel_Alpha158_csi300_custom_step0_s_20260803_17,9b87035ef4e946bcb68fc991198a3df0,0.484,,,
415,2026-08-03,SH600600,0.0024679345486189794,EXP_LGBModel_Alpha158_csi300_custom_step0_s_20260803_17,9b87035ef4e946bcb68fc991198a3df0,0.484,,,
416,2026-08-03,SH600660,0.0006572044291493551,EXP_LGBModel_Alpha158_csi300_custom_step0_s_20260803_17,9b87035ef4e946bcb68fc991198a3df0,0.484,,,
417,2026-08-03,SH600674,0.007133143038344971,EXP_LGBModel_Alpha158_csi300_custom_step0_s_20260803_17,9b87035ef4e946bcb68fc991198a3df0,0.484,,,
418,2026-08-03,SH600690,-0.0016729889565337717,EXP_LGBModel_Alpha158_csi300_custom_step0_s_20260803_17,9b87035ef4e946bcb68fc991198a3df0,0.484,,,
419,2026-08-03,SH600741,-0.0003055728602387661,EXP_LGBModel_Alpha158_csi300_custom_step0_s_20260803_17,9b87035ef4e946bcb68fc991198a3df0,0.484,,,
420,2026-08-03,SH600760,0.00304407546581957,EXP_LGBModel_Alpha158_csi300_custom_step0_s_20260803_17,9b87035ef4e946bcb68fc991198a3df0,0.484,,,
421,2026-08-03,SH600795,-0.006134655678461581,EXP_LGBModel_Alpha158_csi300_custom_step0_s_20260803_17,9b87035ef4e946bcb68fc991198a3df0,0.484,,,
422,2026-08-03,SH600803,-1.900419731414851e-05,EXP_LGBModel_Alpha158_csi300_custom_step0_s_20260803_17,9b87035ef4e946bcb68fc991198a3df0,0.484,,,
423,2026-08-03,SH600809,-0.004825667281057494,EXP_LGBModel_Alpha158_csi300_custom_step0_s_20260803_17,9b87035ef4e946bcb68fc991198a3df0,0.484,,,
424,2026-08-03,SH600845,-0.013151206370352312,EXP_LGBModel_Alpha158_csi300_custom_step0_s_20260803_17,9b87035ef4e946bcb68fc991198a3df0,0.484,,,
425,2026-08-03,SH600875,-0.009998528045828589,EXP_LGBModel_Alpha158_csi300_custom_step0_s_20260803_17,9b87035ef4e946bcb68fc991198a3df0,0.484,,,
426,2026-08-03,SH600886,0.00298959720304549,EXP_LGBModel_Alpha158_csi300_custom_step0_s_20260803_17,9b87035ef4e946bcb68fc991198a3df0,0.484,,,
427,2026-08-03,SH600887,-0.0005263861340326273,EXP_LGBModel_Alpha158_csi300_custom_step0_s_20260803_17,9b87035ef4e946bcb68fc991198a3df0,0.484,,,
428,2026-08-03,SH600584,0.00923404256075204,EXP_LGBModel_Alpha158_csi300_custom_step0_s_20260803_17,9b87035ef4e946bcb68fc991198a3df0,0.484,,,
429,2026-08-03,SH600900,0.009531308351282856,EXP_LGBModel_Alpha158_csi300_custom_step0_s_20260803_17,9b87035ef4e946bcb68fc991198a3df0,0.484,,,
430,2026-08-03,SH600570,-0.006842236699676095,EXP_LGBModel_Alpha158_csi300_custom_step0_s_20260803_17,9b87035ef4e946bcb68fc991198a3df0,0.484,,,
431,2026-08-03,SH600547,-0.009158488743430867,EXP_LGBModel_Alpha158_csi300_custom_step0_s_20260803_17,9b87035ef4e946bcb68fc991198a3df0,0.484,,,
432,2026-08-03,SH600309,-0.001999297151006035,EXP_LGBModel_Alpha158_csi300_custom_step0_s_20260803_17,9b87035ef4e946bcb68fc991198a3df0,0.484,,,
433,2026-08-03,SH600346,-0.0039001359843464645,EXP_LGBModel_Alpha158_csi300_custom_step0_s_20260803_17,9b87035ef4e946bcb68fc991198a3df0,0.484,,,
434,2026-08-03,SH600362,-0.007041794018995627,EXP_LGBModel_Alpha158_csi300_custom_step0_s_20260803_17,9b87035ef4e946bcb68fc991198a3df0,0.484,,,
435,2026-08-03,SH600372,0.005270652777257882,EXP_LGBModel_Alpha158_csi300_custom_step0_s_20260803_17,9b87035ef4e946bcb68fc991198a3df0,0.484,,,
436,2026-08-03,SH600406,-0.004982412641307495,EXP_LGBModel_Alpha158_csi300_custom_step0_s_20260803_17,9b87035ef4e946bcb68fc991198a3df0,0.484,,,
437,2026-08-03,SH600415,-0.012826595762319242,EXP_LGBModel_Alpha158_csi300_custom_step0_s_20260803_17,9b87035ef4e946bcb68fc991198a3df0,0.484,,,
438,2026-08-03,SH600426,-0.009998528045828589,EXP_LGBModel_Alpha158_csi300_custom_step0_s_20260803_17,9b87035ef4e946bcb68fc991198a3df0,0.484,,,
439,2026-08-03,SH600436,0.004369435099754843,EXP_LGBModel_Alpha158_csi300_custom_step0_s_20260803_17,9b87035ef4e946bcb68fc991198a3df0,0.484,,,
440,2026-08-03,SH600438,0.003099923014854133,EXP_LGBModel_Alpha158_csi300_custom_step0_s_20260803_17,9b87035ef4e946bcb68fc991198a3df0,0.484,,,
441,2026-08-03,SH600460,0.00923404256075204,EXP_LGBModel_Alpha158_csi300_custom_step0_s_20260803_17,9b87035ef4e946bcb68fc991198a3df0,0.484,,,
442,2026-08-03,SH600482,-0.0113214723386581,EXP_LGBModel_Alpha158_csi300_custom_step0_s_20260803_17,9b87035ef4e946bcb68fc991198a3df0,0.484,,,
443,2026-08-03,SH600489,-0.009158488743430867,EXP_LGBModel_Alpha158_csi300_custom_step0_s_20260803_17,9b87035ef4e946bcb68fc991198a3df0,0.484,,,
444,2026-08-03,SH600515,0.004910653134323758,EXP_LGBModel_Alpha158_csi300_custom_step0_s_20260803_17,9b87035ef4e946bcb68fc991198a3df0,0.484,,,
445,2026-08-03,SH600519,0.0006379784116962235,EXP_LGBModel_Alpha158_csi300_custom_step0_s_20260803_17,9b87035ef4e946bcb68fc991198a3df0,0.484,,,
446,2026-08-03,SH600522,0.0154486417562795,EXP_LGBModel_Alpha158_csi300_custom_step0_s_20260803_17,9b87035ef4e946bcb68fc991198a3df0,0.484,,,
447,2026-08-03,SH600549,0.019818077141123904,EXP_LGBModel_Alpha158_csi300_custom_step0_s_20260803_17,9b87035ef4e946bcb68fc991198a3df0,0.484,,,
448,2026-08-03,SH601916,0.004910653134323758,EXP_LGBModel_Alpha158_csi300_custom_step0_s_20260803_17,9b87035ef4e946bcb68fc991198a3df0,0.484,,,
449,2026-08-03,SH601919,0.0013674158112054443,EXP_LGBModel_Alpha158_csi300_custom_step0_s_20260803_17,9b87035ef4e946bcb68fc991198a3df0,0.484,,,
450,2026-08-03,SH601939,-0.00046293244855133637,EXP_LGBModel_Alpha158_csi300_custom_step0_s_20260803_17,9b87035ef4e946bcb68fc991198a3df0,0.484,,,
451,2026-08-03,SZ002460,0.024813818083781768,EXP_LGBModel_Alpha158_csi300_custom_step0_s_20260803_17,9b87035ef4e946bcb68fc991198a3df0,0.484,,,
452,2026-08-03,SZ002463,0.014953469680126705,EXP_LGBModel_Alpha158_csi300_custom_step0_s_20260803_17,9b87035ef4e946bcb68fc991198a3df0,0.484,,,
453,2026-08-03,SZ002466,0.014953469680126705,EXP_LGBModel_Alpha158_csi300_custom_step0_s_20260803_17,9b87035ef4e946bcb68fc991198a3df0,0.484,,,
454,2026-08-03,SZ002475,0.004995740657568303,EXP_LGBModel_Alpha158_csi300_custom_step0_s_20260803_17,9b87035ef4e946bcb68fc991198a3df0,0.484,,,
455,2026-08-03,SZ002493,-1.900419731414851e-05,EXP_LGBModel_Alpha158_csi300_custom_step0_s_20260803_17,9b87035ef4e946bcb68fc991198a3df0,0.484,,,
456,2026-08-03,SZ002532,-0.009998528045828589,EXP_LGBModel_Alpha158_csi300_custom_step0_s_20260803_17,9b87035ef4e946bcb68fc991198a3df0,0.484,,,
457,2026-08-03,SZ002422,0.014953469680126705,EXP_LGBModel_Alpha158_csi300_custom_step0_s_20260803_17,9b87035ef4e946bcb68fc991198a3df0,0.484,,,
458,2026-08-03,SZ002558,-0.006842236699676095,EXP_LGBModel_Alpha158_csi300_custom_step0_s_20260803_17,9b87035ef4e946bcb68fc991198a3df0,0.484,,,
459,2026-08-03,SZ002600,0.0048646071759076365,EXP_LGBModel_Alpha158_csi300_custom_step0_s_20260803_17,9b87035ef4e946bcb68fc991198a3df0,0.484,,,
460,2026-08-03,SZ002602,-0.013151206370352312,EXP_LGBModel_Alpha158_csi300_custom_step0_s_20260803_17,9b87035ef4e946bcb68fc991198a3df0,0.484,,,
461,2026-08-03,SZ002625,-0.004357607093885704,EXP_LGBModel_Alpha158_csi300_custom_step0_s_20260803_17,9b87035ef4e946bcb68fc991198a3df0,0.484,,,
462,2026-08-03,SZ002648,-2.850895612530484e-10,EXP_LGBModel_Alpha158_csi300_custom_step0_s_20260803_17,9b87035ef4e946bcb68fc991198a3df0,0.484,,,
463,2026-08-03,SZ002709,0.014953469680126705,EXP_LGBModel_Alpha158_csi300_custom_step0_s_20260803_17,9b87035ef4e946bcb68fc991198a3df0,0.484,,,
464,2026-08-03,SZ002714,0.005596862922367475,EXP_LGBModel_Alpha158_csi300_custom_step0_s_20260803_17,9b87035ef4e946bcb68fc991198a3df0,0.484,,,
465,2026-08-03,SZ002594,0.005093134651608797,EXP_LGBModel_Alpha158_csi300_custom_step0_s_20260803_17,9b87035ef4e946bcb68fc991198a3df0,0.484,,,
466,2026-08-03,SZ002415,0.0018923616643222595,EXP_LGBModel_Alpha158_csi300_custom_step0_s_20260803_17,9b87035ef4e946bcb68fc991198a3df0,0.484,,,
467,2026-08-03,SZ002384,0.004369435099754843,EXP_LGBModel_Alpha158_csi300_custom_step0_s_20260803_17,9b87035ef4e946bcb68fc991198a3df0,0.484,,,
468,2026-08-03,SZ002371,0.004369435099754843,EXP_LGBModel_Alpha158_csi300_custom_step0_s_20260803_17,9b87035ef4e946bcb68fc991198a3df0,0.484,,,
469,2026-08-03,SZ002027,-0.009942159999619789,EXP_LGBModel_Alpha158_csi300_custom_step0_s_20260803_17,9b87035ef4e946bcb68fc991198a3df0,0.484,,,
470,2026-08-03,SZ002028,-0.009158488743430867,EXP_LGBModel_Alpha158_csi300_custom_step0_s_20260803_17,9b87035ef4e946bcb68fc991198a3df0,0.484,,,
471,2026-08-03,SZ002049,-2.850895612530484e-10,EXP_LGBModel_Alpha158_csi300_custom_step0_s_20260803_17,9b87035ef4e946bcb68fc991198a3df0,0.484,,,
472,2026-08-03,SZ002050,0.024813818083781768,EXP_LGBModel_Alpha158_csi300_custom_step0_s_20260803_17,9b87035ef4e946bcb68fc991198a3df0,0.484,,,
473,2026-08-03,SZ002074,-0.013151206370352312,EXP_LGBModel_Alpha158_csi300_custom_step0_s_20260803_17,9b87035ef4e946bcb68fc991198a3df0,0.484,,,
474,2026-08-03,SZ002142,0.012532644214450984,EXP_LGBModel_Alpha158_csi300_custom_step0_s_20260803_17,9b87035ef4e946bcb68fc991198a3df0,0.484,,,
475,2026-08-03,SZ002179,-2.850895612530484e-10,EXP_LGBModel_Alpha158_csi300_custom_step0_s_20260803_17,9b87035ef4e946bcb68fc991198a3df0,0.484,,,
476,2026-08-03,SZ002202,0.024813818083781768,EXP_LGBModel_Alpha158_csi300_custom_step0_s_20260803_17,9b87035ef4e946bcb68fc991198a3df0,0.484,,,
477,2026-08-03,SZ002230,-0.00325814059472106,EXP_LGBModel_Alpha158_csi300_custom_step0_s_20260803_17,9b87035ef4e946bcb68fc991198a3df0,0.484,,,
478,2026-08-03,SZ002236,0.013434545317335294,EXP_LGBModel_Alpha158_csi300_custom_step0_s_20260803_17,9b87035ef4e946bcb68fc991198a3df0,0.484,,,
479,2026-08-03,SZ002241,-0.007739932764403346,EXP_LGBModel_Alpha158_csi300_custom_step0_s_20260803_17,9b87035ef4e946bcb68fc991198a3df0,0.484,,,
480,2026-08-03,SZ002304,0.0015141804973810664,EXP_LGBModel_Alpha158_csi300_custom_step0_s_20260803_17,9b87035ef4e946bcb68fc991198a3df0,0.484,,,
481,2026-08-03,SZ002311,0.005174294766852799,EXP_LGBModel_Alpha158_csi300_custom_step0_s_20260803_17,9b87035ef4e946bcb68fc991198a3df0,0.484,,,
482,2026-08-03,SZ002352,0.010022791983246702,EXP_LGBModel_Alpha158_csi300_custom_step0_s_20260803_17,9b87035ef4e946bcb68fc991198a3df0,0.484,,,
483,2026-08-03,SZ002353,0.019818077141123904,EXP_LGBModel_Alpha158_csi300_custom_step0_s_20260803_17,9b87035ef4e946bcb68fc991198a3df0,0.484,,,
484,2026-08-03,SZ002736,0.008260250265392934,EXP_LGBModel_Alpha158_csi300_custom_step0_s_20260803_17,9b87035ef4e946bcb68fc991198a3df0,0.484,,,
485,2026-08-03,SZ002837,0.00923404256075204,EXP_LGBModel_Alpha158_csi300_custom_step0_s_20260803_17,9b87035ef4e946bcb68fc991198a3df0,0.484,,,
486,2026-08-03,SZ002916,0.019818077141123904,EXP_LGBModel_Alpha158_csi300_custom_step0_s_20260803_17,9b87035ef4e946bcb68fc991198a3df0,0.484,,,
487,2026-08-03,SZ002920,-0.010113340484320332,EXP_LGBModel_Alpha158_csi300_custom_step0_s_20260803_17,9b87035ef4e946bcb68fc991198a3df0,0.484,,,
488,2026-08-03,SZ300476,0.019818077141123904,EXP_LGBModel_Alpha158_csi300_custom_step0_s_20260803_17,9b87035ef4e946bcb68fc991198a3df0,0.484,,,
489,2026-08-03,SZ300498,0.004234681209518074,EXP_LGBModel_Alpha158_csi300_custom_step0_s_20260803_17,9b87035ef4e946bcb68fc991198a3df0,0.484,,,
490,2026-08-03,SZ300502,0.024813818083781768,EXP_LGBModel_Alpha158_csi300_custom_step0_s_20260803_17,9b87035ef4e946bcb68fc991198a3df0,0.484,,,
491,2026-08-03,SZ300628,0.0019286760654754606,EXP_LGBModel_Alpha158_csi300_custom_step0_s_20260803_17,9b87035ef4e946bcb68fc991198a3df0,0.484,,,
492,2026-08-03,SZ300661,0.019818077141123904,EXP_LGBModel_Alpha158_csi300_custom_step0_s_20260803_17,9b87035ef4e946bcb68fc991198a3df0,0.484,,,
493,2026-08-03,SZ300750,-0.0015474190118898458,EXP_LGBModel_Alpha158_csi300_custom_step0_s_20260803_17,9b87035ef4e946bcb68fc991198a3df0,0.484,,,
494,2026-08-03,SZ300760,-0.008813716505654726,EXP_LGBModel_Alpha158_csi300_custom_step0_s_20260803_17,9b87035ef4e946bcb68fc991198a3df0,0.484,,,
495,2026-08-03,SZ300803,0.00923404256075204,EXP_LGBModel_Alpha158_csi300_custom_step0_s_20260803_17,9b87035ef4e946bcb68fc991198a3df0,0.484,,,
496,2026-08-03,SZ300832,-0.0056610381811310045,EXP_LGBModel_Alpha158_csi300_custom_step0_s_20260803_17,9b87035ef4e946bcb68fc991198a3df0,0.484,,,
497,2026-08-03,SZ300866,-0.004638394322612139,EXP_LGBModel_Alpha158_csi300_custom_step0_s_20260803_17,9b87035ef4e946bcb68fc991198a3df0,0.484,,,
498,2026-08-03,SZ300896,-0.009998528045828589,EXP_LGBModel_Alpha158_csi300_custom_step0_s_20260803_17,9b87035ef4e946bcb68fc991198a3df0,0.484,,,
499,2026-08-03,SZ300999,0.0045736713853952934,EXP_LGBModel_Alpha158_csi300_custom_step0_s_20260803_17,9b87035ef4e946bcb68fc991198a3df0,0.484,,,
500,2026-08-03,SZ301165,0.019818077141123904,EXP_LGBModel_Alpha158_csi300_custom_step0_s_20260803_17,9b87035ef4e946bcb68fc991198a3df0,0.484,,,
501,2026-08-03,SZ301236,-0.013151206370352312,EXP_LGBModel_Alpha158_csi300_custom_step0_s_20260803_17,9b87035ef4e946bcb68fc991198a3df0,0.484,,,
502,2026-08-03,SZ301269,-2.850895612530484e-10,EXP_LGBModel_Alpha158_csi300_custom_step0_s_20260803_17,9b87035ef4e946bcb68fc991198a3df0,0.484,,,
503,2026-08-03,SZ300450,0.014953469680126705,EXP_LGBModel_Alpha158_csi300_custom_step0_s_20260803_17,9b87035ef4e946bcb68fc991198a3df0,0.484,,,
504,2026-08-03,SZ002001,0.002829482208931986,EXP_LGBModel_Alpha158_csi300_custom_step0_s_20260803_17,9b87035ef4e946bcb68fc991198a3df0,0.484,,,
505,2026-08-03,SZ300442,0.024813818083781768,EXP_LGBModel_Alpha158_csi300_custom_step0_s_20260803_17,9b87035ef4e946bcb68fc991198a3df0,0.484,,,
506,2026-08-03,SZ300418,0.014953469680126705,EXP_LGBModel_Alpha158_csi300_custom_step0_s_20260803_17,9b87035ef4e946bcb68fc991198a3df0,0.484,,,
507,2026-08-03,SZ002938,-2.850895612530484e-10,EXP_LGBModel_Alpha158_csi300_custom_step0_s_20260803_17,9b87035ef4e946bcb68fc991198a3df0,0.484,,,
508,2026-08-03,SZ003816,0.001810729834380063,EXP_LGBModel_Alpha158_csi300_custom_step0_s_20260803_17,9b87035ef4e946bcb68fc991198a3df0,0.484,,,
509,2026-08-03,SZ300014,0.005935864205656558,EXP_LGBModel_Alpha158_csi300_custom_step0_s_20260803_17,9b87035ef4e946bcb68fc991198a3df0,0.484,,,
510,2026-08-03,SZ300015,-0.005329457845820181,EXP_LGBModel_Alpha158_csi300_custom_step0_s_20260803_17,9b87035ef4e946bcb68fc991198a3df0,0.484,,,
511,2026-08-03,SZ300033,-0.007159191877514393,EXP_LGBModel_Alpha158_csi300_custom_step0_s_20260803_17,9b87035ef4e946bcb68fc991198a3df0,0.484,,,
512,2026-08-03,SZ300059,0.005406507961150084,EXP_LGBModel_Alpha158_csi300_custom_step0_s_20260803_17,9b87035ef4e946bcb68fc991198a3df0,0.484,,,
513,2026-08-03,SZ300122,-0.0073287547117366555,EXP_LGBModel_Alpha158_csi300_custom_step0_s_20260803_17,9b87035ef4e946bcb68fc991198a3df0,0.484,,,
514,2026-08-03,SZ300124,-0.01357748220005632,EXP_LGBModel_Alpha158_csi300_custom_step0_s_20260803_17,9b87035ef4e946bcb68fc991198a3df0,0.484,,,
515,2026-08-03,SZ300251,-0.009158488743430867,EXP_LGBModel_Alpha158_csi300_custom_step0_s_20260803_17,9b87035ef4e946bcb68fc991198a3df0,0.484,,,
516,2026-08-03,SZ300274,0.014229783503409903,EXP_LGBModel_Alpha158_csi300_custom_step0_s_20260803_17,9b87035ef4e946bcb68fc991198a3df0,0.484,,,
517,2026-08-03,SZ300308,0.024813818083781768,EXP_LGBModel_Alpha158_csi300_custom_step0_s_20260803_17,9b87035ef4e946bcb68fc991198a3df0,0.484,,,
518,2026-08-03,SZ300316,-2.850895612530484e-10,EXP_LGBModel_Alpha158_csi300_custom_step0_s_20260803_17,9b87035ef4e946bcb68fc991198a3df0,0.484,,,
519,2026-08-03,SZ300394,0.00923404256075204,EXP_LGBModel_Alpha158_csi300_custom_step0_s_20260803_17,9b87035ef4e946bcb68fc991198a3df0,0.484,,,
520,2026-08-03,SZ300408,0.019818077141123904,EXP_LGBModel_Alpha158_csi300_custom_step0_s_20260803_17,9b87035ef4e946bcb68fc991198a3df0,0.484,,,
521,2026-08-03,SZ300413,-0.002849519072754649,EXP_LGBModel_Alpha158_csi300_custom_step0_s_20260803_17,9b87035ef4e946bcb68fc991198a3df0,0.484,,,
522,2026-08-03,SZ300433,0.014229783503409903,EXP_LGBModel_Alpha158_csi300_custom_step0_s_20260803_17,9b87035ef4e946bcb68fc991198a3df0,0.484,,,
523,2026-08-03,SZ001979,-0.004176076387212933,EXP_LGBModel_Alpha158_csi300_custom_step0_s_20260803_17,9b87035ef4e946bcb68fc991198a3df0,0.484,,,
524,2026-08-03,SZ001965,-0.0030826130961046417,EXP_LGBModel_Alpha158_csi300_custom_step0_s_20260803_17,9b87035ef4e946bcb68fc991198a3df0,0.484,,,
525,2026-08-03,SZ001391,-0.00021441579644165782,EXP_LGBModel_Alpha158_csi300_custom_step0_s_20260803_17,9b87035ef4e946bcb68fc991198a3df0,0.484,,,
526,2026-08-03,SH688009,0.004549184886267394,EXP_LGBModel_Alpha158_csi300_custom_step0_s_20260803_17,9b87035ef4e946bcb68fc991198a3df0,0.484,,,
527,2026-08-03,SH688012,0.009365176042412708,EXP_LGBModel_Alpha158_csi300_custom_step0_s_20260803_17,9b87035ef4e946bcb68fc991198a3df0,0.484,,,
528,2026-08-03,SH688036,-0.011034511645917072,EXP_LGBModel_Alpha158_csi300_custom_step0_s_20260803_17,9b87035ef4e946bcb68fc991198a3df0,0.484,,,
529,2026-08-03,SH688041,0.004369435099754843,EXP_LGBModel_Alpha158_csi300_custom_step0_s_20260803_17,9b87035ef4e946bcb68fc991198a3df0,0.484,,,
530,2026-08-03,SH688047,0.014953469680126705,EXP_LGBModel_Alpha158_csi300_custom_step0_s_20260803_17,9b87035ef4e946bcb68fc991198a3df0,0.484,,,
531,2026-08-03,SH688072,0.009365176042412708,EXP_LGBModel_Alpha158_csi300_custom_step0_s_20260803_17,9b87035ef4e946bcb68fc991198a3df0,0.484,,,
532,2026-08-03,SH688082,0.004369435099754843,EXP_LGBModel_Alpha158_csi300_custom_step0_s_20260803_17,9b87035ef4e946bcb68fc991198a3df0,0.484,,,
533,2026-08-03,SH688111,0.007397591880256885,EXP_LGBModel_Alpha158_csi300_custom_step0_s_20260803_17,9b87035ef4e946bcb68fc991198a3df0,0.484,,,
534,2026-08-03,SH688126,0.004369435099754843,EXP_LGBModel_Alpha158_csi300_custom_step0_s_20260803_17,9b87035ef4e946bcb68fc991198a3df0,0.484,,,
535,2026-08-03,SH688183,0.019818077141123904,EXP_LGBModel_Alpha158_csi300_custom_step0_s_20260803_17,9b87035ef4e946bcb68fc991198a3df0,0.484,,,
536,2026-08-03,SH688223,-0.005068870714190684,EXP_LGBModel_Alpha158_csi300_custom_step0_s_20260803_17,9b87035ef4e946bcb68fc991198a3df0,0.484,,,
537,2026-08-03,SH688256,0.004369435099754843,EXP_LGBModel_Alpha158_csi300_custom_step0_s_20260803_17,9b87035ef4e946bcb68fc991198a3df0,0.484,,,
538,2026-08-03,SH688271,-0.005408688471011502,EXP_LGBModel_Alpha158_csi300_custom_step0_s_20260803_17,9b87035ef4e946bcb68fc991198a3df0,0.484,,,
539,2026-08-03,SH688303,-0.005408688471011502,EXP_LGBModel_Alpha158_csi300_custom_step0_s_20260803_17,9b87035ef4e946bcb68fc991198a3df0,0.484,,,
540,2026-08-03,SH688396,0.014229783503409903,EXP_LGBModel_Alpha158_csi300_custom_step0_s_20260803_17,9b87035ef4e946bcb68fc991198a3df0,0.484,,,
541,2026-08-03,SH688008,0.01994921062278457,EXP_LGBModel_Alpha158_csi300_custom_step0_s_20260803_17,9b87035ef4e946bcb68fc991198a3df0,0.484,,,
542,2026-08-03,SH688472,-0.0044327893826946775,EXP_LGBModel_Alpha158_csi300_custom_step0_s_20260803_17,9b87035ef4e946bcb68fc991198a3df0,0.484,,,
543,2026-08-03,SH605499,-0.008187797926358965,EXP_LGBModel_Alpha158_csi300_custom_step0_s_20260803_17,9b87035ef4e946bcb68fc991198a3df0,0.484,,,
544,2026-08-03,SH603993,-0.00400651355299067,EXP_LGBModel_Alpha158_csi300_custom_step0_s_20260803_17,9b87035ef4e946bcb68fc991198a3df0,0.484,,,
545,2026-08-03,SH601985,0.007945784355976884,EXP_LGBModel_Alpha158_csi300_custom_step0_s_20260803_17,9b87035ef4e946bcb68fc991198a3df0,0.484,,,
546,2026-08-03,SH601988,0.009974622374457474,EXP_LGBModel_Alpha158_csi300_custom_step0_s_20260803_17,9b87035ef4e946bcb68fc991198a3df0,0.484,,,
547,2026-08-03,SH601995,-0.0010359838851780442,EXP_LGBModel_Alpha158_csi300_custom_step0_s_20260803_17,9b87035ef4e946bcb68fc991198a3df0,0.484,,,
548,2026-08-03,SH601998,-0.007436911488621887,EXP_LGBModel_Alpha158_csi300_custom_step0_s_20260803_17,9b87035ef4e946bcb68fc991198a3df0,0.484,,,
549,2026-08-03,SH603019,-0.008734865769570445,EXP_LGBModel_Alpha158_csi300_custom_step0_s_20260803_17,9b87035ef4e946bcb68fc991198a3df0,0.484,,,
550,2026-08-03,SH603259,-0.0010359838851780442,EXP_LGBModel_Alpha158_csi300_custom_step0_s_20260803_17,9b87035ef4e946bcb68fc991198a3df0,0.484,,,
551,2026-08-03,SH603260,0.0154486417562795,EXP_LGBModel_Alpha158_csi300_custom_step0_s_20260803_17,9b87035ef4e946bcb68fc991198a3df0,0.484,,,
552,2026-08-03,SH603288,0.006460550747903802,EXP_LGBModel_Alpha158_csi300_custom_step0_s_20260803_17,9b87035ef4e946bcb68fc991198a3df0,0.484,,,
553,2026-08-03,SH603296,-0.013151206370352312,EXP_LGBModel_Alpha158_csi300_custom_step0_s_20260803_17,9b87035ef4e946bcb68fc991198a3df0,0.484,,,
554,2026-08-03,SH603369,-0.009239992335358733,EXP_LGBModel_Alpha158_csi300_custom_step0_s_20260803_17,9b87035ef4e946bcb68fc991198a3df0,0.484,,,
555,2026-08-03,SH603392,-0.005408688471011502,EXP_LGBModel_Alpha158_csi300_custom_step0_s_20260803_17,9b87035ef4e946bcb68fc991198a3df0,0.484,,,
556,2026-08-03,SH603501,-0.010564599801264656,EXP_LGBModel_Alpha158_csi300_custom_step0_s_20260803_17,9b87035ef4e946bcb68fc991198a3df0,0.484,,,
557,2026-08-03,SH603799,0.020889334170872825,EXP_LGBModel_Alpha158_csi300_custom_step0_s_20260803_17,9b87035ef4e946bcb68fc991198a3df0,0.484,,,
558,2026-08-03,SH603893,-0.0012932090274743427,EXP_LGBModel_Alpha158_csi300_custom_step0_s_20260803_17,9b87035ef4e946bcb68fc991198a3df0,0.484,,,
559,2026-08-03,SH603986,-2.850895612530484e-10,EXP_LGBModel_Alpha158_csi300_custom_step0_s_20260803_17,9b87035ef4e946bcb68fc991198a3df0,0.484,,,
560,2026-08-03,SH605117,0.014229783503409903,EXP_LGBModel_Alpha158_csi300_custom_step0_s_20260803_17,9b87035ef4e946bcb68fc991198a3df0,0.484,,,
561,2026-08-03,SZ301308,0.12646506690436712,EXP_DEnsembleModel_Alpha158_csi300_custom_step0_s_20260803_15,0188e53fa9d0418d81ad52ee281638cb,0.516,,,
562,2026-08-03,SH688506,-0.006325731396000236,EXP_LGBModel_Alpha158_csi300_custom_step0_s_20260803_17,9b87035ef4e946bcb68fc991198a3df0,0.484,,,
563,2026-08-03,SH688981,0.009365176042412708,EXP_LGBModel_Alpha158_csi300_custom_step0_s_20260803_17,9b87035ef4e946bcb68fc991198a3df0,0.484,,,
564,2026-08-03,SZ000708,-0.002543568558137182,EXP_LGBModel_Alpha158_csi300_custom_step0_s_20260803_17,9b87035ef4e946bcb68fc991198a3df0,0.484,,,
565,2026-08-03,SZ000725,-2.850895612530484e-10,EXP_LGBModel_Alpha158_csi300_custom_step0_s_20260803_17,9b87035ef4e946bcb68fc991198a3df0,0.484,,,
566,2026-08-03,SZ000768,-0.0022139926057171727,EXP_LGBModel_Alpha158_csi300_custom_step0_s_20260803_17,9b87035ef4e946bcb68fc991198a3df0,0.484,,,
567,2026-08-03,SZ000776,-0.011034511645917072,EXP_LGBModel_Alpha158_csi300_custom_step0_s_20260803_17,9b87035ef4e946bcb68fc991198a3df0,0.484,,,
568,2026-08-03,SZ000792,-0.0018297343167837728,EXP_LGBModel_Alpha158_csi300_custom_step0_s_20260803_17,9b87035ef4e946bcb68fc991198a3df0,0.484,,,
569,2026-08-03,SZ000807,-0.006358063894664754,EXP_LGBModel_Alpha158_csi300_custom_step0_s_20260803_17,9b87035ef4e946bcb68fc991198a3df0,0.484,,,
570,2026-08-03,SZ000858,-0.003152678609613284,EXP_LGBModel_Alpha158_csi300_custom_step0_s_20260803_17,9b87035ef4e946bcb68fc991198a3df0,0.484,,,
571,2026-08-03,SZ000895,0.00013774116293585256,EXP_LGBModel_Alpha158_csi300_custom_step0_s_20260803_17,9b87035ef4e946bcb68fc991198a3df0,0.484,,,
572,2026-08-03,SZ000938,0.019818077141123904,EXP_LGBModel_Alpha158_csi300_custom_step0_s_20260803_17,9b87035ef4e946bcb68fc991198a3df0,0.484,,,
573,2026-08-03,SZ000963,0.002029032131271642,EXP_LGBModel_Alpha158_csi300_custom_step0_s_20260803_17,9b87035ef4e946bcb68fc991198a3df0,0.484,,,
574,2026-08-03,SZ000975,-0.002333013769078791,EXP_LGBModel_Alpha158_csi300_custom_step0_s_20260803_17,9b87035ef4e946bcb68fc991198a3df0,0.484,,,
575,2026-08-03,SZ000977,0.014953469680126705,EXP_LGBModel_Alpha158_csi300_custom_step0_s_20260803_17,9b87035ef4e946bcb68fc991198a3df0,0.484,,,
576,2026-08-03,SZ000988,0.00923404256075204,EXP_LGBModel_Alpha158_csi300_custom_step0_s_20260803_17,9b87035ef4e946bcb68fc991198a3df0,0.484,,,
577,2026-08-03,SZ000999,-0.001765421284687265,EXP_LGBModel_Alpha158_csi300_custom_step0_s_20260803_17,9b87035ef4e946bcb68fc991198a3df0,0.484,,,
578,2026-08-03,SZ001280,-0.013151206370352312,EXP_LGBModel_Alpha158_csi300_custom_step0_s_20260803_17,9b87035ef4e946bcb68fc991198a3df0,0.484,,,
579,2026-08-03,SZ000657,0.0048646071759076365,EXP_LGBModel_Alpha158_csi300_custom_step0_s_20260803_17,9b87035ef4e946bcb68fc991198a3df0,0.484,,,
580,2026-08-03,SH688521,0.019818077141123904,EXP_LGBModel_Alpha158_csi300_custom_step0_s_20260803_17,9b87035ef4e946bcb68fc991198a3df0,0.484,,,
581,2026-08-03,SZ000651,0.001810729834380063,EXP_LGBModel_Alpha158_csi300_custom_step0_s_20260803_17,9b87035ef4e946bcb68fc991198a3df0,0.484,,,
582,2026-08-03,SZ000625,-0.005408688471011502,EXP_LGBModel_Alpha158_csi300_custom_step0_s_20260803_17,9b87035ef4e946bcb68fc991198a3df0,0.484,,,
583,2026-08-03,SZ000001,0.004048725532278479,EXP_LGBModel_Alpha158_csi300_custom_step0_s_20260803_17,9b87035ef4e946bcb68fc991198a3df0,0.484,,,
584,2026-08-03,SZ000002,-0.010113340484320332,EXP_LGBModel_Alpha158_csi300_custom_step0_s_20260803_17,9b87035ef4e946bcb68fc991198a3df0,0.484,,,
585,2026-08-03,SZ000063,-0.009625913797368546,EXP_LGBModel_Alpha158_csi300_custom_step0_s_20260803_17,9b87035ef4e946bcb68fc991198a3df0,0.484,,,
586,2026-08-03,SZ000100,-0.010564599801264656,EXP_LGBModel_Alpha158_csi300_custom_step0_s_20260803_17,9b87035ef4e946bcb68fc991198a3df0,0.484,,,
587,2026-08-03,SZ000157,-0.0013067397886137595,EXP_LGBModel_Alpha158_csi300_custom_step0_s_20260803_17,9b87035ef4e946bcb68fc991198a3df0,0.484,,,
588,2026-08-03,SZ000166,0.013434545317335294,EXP_LGBModel_Alpha158_csi300_custom_step0_s_20260803_17,9b87035ef4e946bcb68fc991198a3df0,0.484,,,
589,2026-08-03,SZ000301,-0.006043023503327858,EXP_LGBModel_Alpha158_csi300_custom_step0_s_20260803_17,9b87035ef4e946bcb68fc991198a3df0,0.484,,,
590,2026-08-03,SZ000333,0.006517836771443068,EXP_LGBModel_Alpha158_csi300_custom_step0_s_20260803_17,9b87035ef4e946bcb68fc991198a3df0,0.484,,,
591,2026-08-03,SZ000338,-0.0018297343167837728,EXP_LGBModel_Alpha158_csi300_custom_step0_s_20260803_17,9b87035ef4e946bcb68fc991198a3df0,0.484,,,
592,2026-08-03,SZ000408,-0.0004623182204887672,EXP_LGBModel_Alpha158_csi300_custom_step0_s_20260803_17,9b87035ef4e946bcb68fc991198a3df0,0.484,,,
593,2026-08-03,SZ000425,-0.0113214723386581,EXP_LGBModel_Alpha158_csi300_custom_step0_s_20260803_17,9b87035ef4e946bcb68fc991198a3df0,0.484,,,
594,2026-08-03,SZ000538,0.009756514475446508,EXP_LGBModel_Alpha158_csi300_custom_step0_s_20260803_17,9b87035ef4e946bcb68fc991198a3df0,0.484,,,
595,2026-08-03,SZ000568,-0.0025904692207596447,EXP_LGBModel_Alpha158_csi300_custom_step0_s_20260803_17,9b87035ef4e946bcb68fc991198a3df0,0.484,,,
596,2026-08-03,SZ000596,-0.0113214723386581,EXP_LGBModel_Alpha158_csi300_custom_step0_s_20260803_17,9b87035ef4e946bcb68fc991198a3df0,0.484,,,
597,2026-08-03,SZ000617,-0.0113214723386581,EXP_LGBModel_Alpha158_csi300_custom_step0_s_20260803_17,9b87035ef4e946bcb68fc991198a3df0,0.484,,,
598,2026-08-03,SZ000630,-0.005426475498653513,EXP_LGBModel_Alpha158_csi300_custom_step0_s_20260803_17,9b87035ef4e946bcb68fc991198a3df0,0.484,,,
599,2026-08-03,SZ302132,-0.0046728150031696515,EXP_DEnsembleModel_Alpha158_csi300_custom_step0_s_20260803_15,0188e53fa9d0418d81ad52ee281638cb,0.516,,,
